relative_path	categorysize_bytes	sha256
01_overview/figure_legends_methods_reviewer_response.md	01_overview	15053	959fe05c5796459d4ded6b87b0115883556c3898aeb1f5d7d7302e8f67352e5f
01_overview/METHODS_GROMACS_MD_ANALYSIS.md	01_overview	1216	9a2c2a4eb0e854c4a8af4567c23b899d39a54faa432432e579752efcd9d00053
01_overview/README_GROMACS_ANALYSIS_BACKUP.md	01_overview	1630	7caa57cc6a58d89063060b0109b717df9ed4e369ae93730f5823b5054c288e06
02_parameters/conversion_reports/drugs2263/conversion_report.json	02_parameters	2725	4df9d05e3eb4092afe5e07a5059e9c8877b313cad13456af16d6465f3029c3b4
02_parameters/conversion_reports/drugs2263/conversion_report.txt	02_parameters	2242	38b9a200c77937707f242b6df881249dffc12efd236b440555d9ffd7ebf94155
02_parameters/conversion_reports/drugs3003/conversion_report.json	02_parameters	2726	bcd9e32e2001f42fb1c68079986b09512540e2f711ee6f4402b7400c90c4e520
02_parameters/conversion_reports/drugs3003/conversion_report.txt	02_parameters	2242	f270519c8dae6ba5f92cdbc3a15d47461c8dc6244a7bdaed6c46d1be577d1e5f
02_parameters/conversion_reports/drugs3523/conversion_report.json	02_parameters	2731	4128484988b1d09f49693daf478f7c2aaea4a54d9751947fa19d0974ba82b452
02_parameters/conversion_reports/drugs3523/conversion_report.txt	02_parameters	2248	5e85c97aa9c7dbb28d9c1b5125df79a21e0458b70683671f6f27fba2999c546e
02_parameters/mdp/02_short_test_results/drugs2263/em_out.mdp	02_parameters	10344	3c21f27ac2f00310896644f7ad0fe67aae99b9bfeb7370660f87dedef6669b8a
02_parameters/mdp/02_short_test_results/drugs2263/md_20ps_out.mdp	02_parameters	10437	9f009e3f4acdc95f707a620809194fe297f8c139e4d031097268c0a37b4d99f5
02_parameters/mdp/02_short_test_results/drugs2263/npt_20ps_out.mdp	02_parameters	10443	fefdf50787b44687428325c37d2873cb2f09f791dfb5090c312e244868fd667b
02_parameters/mdp/02_short_test_results/drugs2263/nvt_20ps_out.mdp	02_parameters	10376	28167ef5633baa709897cc866ef9feeb6ee6741a31152af9c6b15074447821ec
02_parameters/mdp/02_short_test_results/drugs2263/nvt_20ps_seeded.mdp	02_parameters	1214	e1f7695f0bc26fd214cb16ad82ea08421a54d527823d3ad5e9c4ac9e1e73ba43
02_parameters/mdp/02_short_test_results/drugs3003/em_out.mdp	02_parameters	10344	8d15084d19fc9fa3763b46c79b7731221c4514018ef670678d59b0ebea9901b2
02_parameters/mdp/02_short_test_results/drugs3003/md_20ps_out.mdp	02_parameters	10437	95bbd03468ee0646f679f06d3dfb23753b5742bc6792c608038a8972ac5dd69b
02_parameters/mdp/02_short_test_results/drugs3003/npt_20ps_out.mdp	02_parameters	10443	faf0b23e0048dd780cf7a18d060c96b5155c791677b79c6b77fe755cabcc5773
02_parameters/mdp/02_short_test_results/drugs3003/nvt_20ps_out.mdp	02_parameters	10376	1d23dbc1de5aa5b4f1b936d9e67951e7e8dd76286e3c955609cdf86340f8d6a9
02_parameters/mdp/02_short_test_results/drugs3003/nvt_20ps_seeded.mdp	02_parameters	1214	eb2eaf00aa6c52c69448795d96200dc8b618ae9687803cb7311f24d7aa8c13ce
02_parameters/mdp/02_short_test_results/drugs3523/em_out.mdp	02_parameters	10344	d47ae25362eeadeb03ee85de978585d178943dcb93b9b190470b2f18658550a2
02_parameters/mdp/02_short_test_results/drugs3523/md_20ps_out.mdp	02_parameters	10437	f4da1d36db277fa3038312a7796cdb8a5a55029375cdc0086da85fef13db44b0
02_parameters/mdp/02_short_test_results/drugs3523/npt_20ps_out.mdp	02_parameters	10443	467f89021f102018ca68225f3e53027889c85757aa2d9fcaa817242c545938b7
02_parameters/mdp/02_short_test_results/drugs3523/nvt_20ps_out.mdp	02_parameters	10376	27d414bb697d171dc39989d12f388e154b84f5d2b05ba3c8e2331b6cfa0a9caa
02_parameters/mdp/02_short_test_results/drugs3523/nvt_20ps_seeded.mdp	02_parameters	1214	d4159d71b102e28d9f85d2e8df8088806ef16d374c6fa6876b27ed25d9247eea
02_parameters/mdp/03_100ns_md_metadata/drugs2263/rep1/md_100ns_out.mdp	02_parameters	10456	f0716317e9563c4e8f9a4db9a4ca8435d1a028a5411f3aa9c0f0d96d748b0d51
02_parameters/mdp/03_100ns_md_metadata/drugs2263/rep2/md_100ns_out.mdp	02_parameters	10456	3c25d973205d34585f1d661aa11eff93208fafda0a216c2384d30d88d78bad7b
02_parameters/mdp/03_100ns_md_metadata/drugs2263/rep3/md_100ns_out.mdp	02_parameters	10456	13dd96ed9bcc69ecfcac93fabdd8c17f70b459345086d738f062c0f4efdd3219
02_parameters/mdp/03_100ns_md_metadata/drugs3003/rep1/md_100ns_out.mdp	02_parameters	10456	af0b9538ad45cef0587d7489b038c4ad11fc55ed3c96ec69870316b975a30b26
02_parameters/mdp/03_100ns_md_metadata/drugs3003/rep2/md_100ns_out.mdp	02_parameters	10456	e18f3b653b7b023d95b77044b24067b11c731f2a13fc65d8698ed243a4b6376e
02_parameters/mdp/03_100ns_md_metadata/drugs3003/rep3/md_100ns_out.mdp	02_parameters	10456	22a3377de8cc790cae6c45167699cf46c47cb7a75de7a5e63d0e4e3a6dba6b84
02_parameters/mdp/03_100ns_md_metadata/drugs3523/rep1/md_100ns_out.mdp	02_parameters	10456	c090c7e266872c40156233fae476d510908789aa1f61aa49a5c608d8c4111695
02_parameters/mdp/03_100ns_md_metadata/drugs3523/rep2/md_100ns_out.mdp	02_parameters	10456	295dc81d562eda8d54047bfd95f5a9de4a5142345a457feb9f8668f3f36cbb84
02_parameters/mdp/03_100ns_md_metadata/drugs3523/rep3/md_100ns_out.mdp	02_parameters	10456	3238ffe0f79755cee2c463e9b2af15a7aadc0d6a5efcfbcd086d3eab9a2f768d
03_code/analysis_slurm/06_gromacs_100ns_3rep_cpu_array.slurm	03_code	6058	0d9dc9cdb59d67e369df9efe9da06054a62915fdccf8297df9a808d3b7c67a67
03_code/check_scripts/14_check_gromacs_analysis_outputs.sh	03_code	1610	44714e14febd2a28d342f567fe8ea192c5d817746c8945bee8bc2bdb39e864f6
03_code/check_scripts/15_convert_all_xvg_to_csv.sh	03_code	3386	d6a7737fd5427e4a9a30b58a573cba866e1793c9cc39cff542eca35cdcab1efd
03_code/collect_plot_python/08_collect_plot_gromacs_results.py	03_code	6699	5b8ccb21b20cab73f3f164a3fabdea30f3ece323bf234885e622961efdb0415d
03_code/content_detected/.get_current_progress.py	03_code	2840	38274a3448a5c31cb88e1c3e13a103968dda9213ce582179a95e853cd1d332b2
03_code/content_detected/00_prepare_clean_A35R_gromacs.sh	03_code	4730	73bc95a3a1441e32d8ecceba0654719e125c7af427d6120ed4733ae436dd980a
03_code/content_detected/01_check_cpu_gromacs_module.sh	03_code	1731	f9f78ef0bc1bef30a3a6ffc32c65b324cde643cb41dafacb98f9b3b148b9b5da
03_code/content_detected/02_convert_amber_to_gromacs_parmed.sh	03_code	10795	e3e1f6dac1c56a8e584773426ce6c581028353e72fbc51c096549da84228ee1b
03_code/content_detected/03_make_gromacs_mdp_cpu.sh	03_code	9194	f7d41a8bd2c1d6eff3576d532c66e91527d441d8d3b1ded5c0ad094eb447ab47
03_code/content_detected/04_test_gromacs_cpu_one.slurm	03_code	3801	47fa4b15ddf439a9d229113e4dec17763344b58face19c25b33c4e4acabfa058
03_code/content_detected/05_test_gromacs_cpu_array.slurm	03_code	4124	b90d9ee2dfe4d70af1c993b7b41f05a1f2470ce92f4e75dbab4e3e29b5c259d8
03_code/content_detected/06_gromacs_100ns_3rep_cpu_array.slurm	03_code	6058	0d9dc9cdb59d67e369df9efe9da06054a62915fdccf8297df9a808d3b7c67a67
03_code/content_detected/07_gromacs_analysis_cpu_array.slurm	03_code	4478	f9ae026a1aafe0408be33fb3497cf76c7f085d61264110498a2a8d6da4b83126
03_code/content_detected/08_collect_plot_gromacs_results.py	03_code	6699	5b8ccb21b20cab73f3f164a3fabdea30f3ece323bf234885e622961efdb0415d
03_code/content_detected/09_check_finished_and_extract_energy.sh	03_code	1240	6a5a568a50ebd2dcdba0d60ab4bf0ef92518aa4f421dde9cb1c112bbeaf0e3f1
03_code/content_detected/10_fix_cpu_gromacs_dlb_and_mpi.sh	03_code	15512	ff688c130385950a49dbb7bb764271cee82cbd60406b69722331e3d475bf4043
03_code/content_detected/11_check_gromacs_100ns_progress.sh	03_code	6754	96c640d06fab71978e89668836463513644d42f5618e23698e46f586289f5e5c
03_code/content_detected/12_estimate_realtime_speed.sh	03_code	5535	358138148acf4774d5c6edf7c3cedce0f7dfbd5c5319c51d0f902dd59fa3d809
03_code/content_detected/13_check_all_100ns_finished.sh	03_code	5173	ab1e90b863e5f3a2efac8262659daa6d50086c302ddf510e284bfc6faf8dc80a
03_code/content_detected/14_check_gromacs_analysis_outputs.sh	03_code	1610	44714e14febd2a28d342f567fe8ea192c5d817746c8945bee8bc2bdb39e864f6
03_code/content_detected/15_convert_all_xvg_to_csv.sh	03_code	3386	d6a7737fd5427e4a9a30b58a573cba866e1793c9cc39cff542eca35cdcab1efd
03_code/content_detected/17_collect_plot_gromacs_results_robust.py	03_code	11325	ff4a3723c67aa052ee24ca74b30fbb731b5341d2e69f636a260b7ee5fb5fef72
03_code/content_detected/18_make_nature_split_figures_and_docs.sh	03_code	24052	5142712b1bbae9ffa8dfc76eca129d629583ea998b68bb31f3d5be1b7bc7ecc1
03_code/content_detected/18_plot_nature_split_gromacs.py	03_code	22325	8ac202ec1b53a0991f545b763b0dcaedd80084d296e1f99bed372b70fac0d9a8
03_code/content_detected/19_fix_and_replot_nature_split_figures.sh	03_code	19466	071e5263adc56cfbeb0e69bfc96545dc90afc6a8b01611c1ea2265afe7380458
03_code/content_detected/19_plot_nature_split_gromacs_fixed.py	03_code	17982	5451827bf4961a516a73c4b1e195cf6e379432f5e4eec3fe3346d3b85941611f
03_code/content_detected/20_check_gmx_mmpbsa_env.sh	03_code	3343	ef797f3711d4136436c73d5d55bbbe673c07c48222d7b9eb0b3964d5c3ac8c12
03_code/content_detected/20_check_gmx_mmpbsa_siyuan_module.sh	03_code	2270	8102203540ae6df63d84ec18e41b7880dd329f1137be03f708e541fb4f92e6fd
03_code/content_detected/20_fix_gmx_mmpbsa_siyuan_container.sh	03_code	13958	31fa0be898fd62becfe0b28a6779f84c902845ae2c87b5390d368216e0f577c8
03_code/content_detected/20_make_gmx_mmpbsa_workflow.sh	03_code	42475	a13ba516ddb5c438ea9946da3291cb3b92a6efc26af0383477502ecae6ae026e
03_code/content_detected/20A_create_conda_env_gmxMMPBSA.sh	03_code	1112	579a80b12a7a8a1205f0d8e2b1752e34ab5505076e94031ecf0a3875d58baba9
03_code/content_detected/21_make_clean_mmpbsa_index.py	03_code	9667	bfaeab427ab4085218083e4ecdf50b960f669fb65e18f8b197c8787ff8ef56b6
03_code/content_detected/21_prepare_gmx_mmpbsa_inputs.sh	03_code	8758	fb0f24be425a6f8fc9263513ae37088ca750cbfd871d05a2246e2b6028b35185
03_code/content_detected/21_prepare_gmx_mmpbsa_inputs_v2.sh	03_code	17784	6760ce6c75c8cc163648c47b90e5269fdd446a7f8c3daaa6638d0ef1baf69e66
03_code/content_detected/22_test_gmx_mmpbsa_one.slurm	03_code	2190	dc08bb09ce2a02e22fd9af11714a7faa854f6d80c557c6da4daa8b0b6af79261
03_code/content_detected/22_test_gmx_mmpbsa_one_siyuan.slurm	03_code	2826	f0bdc0609dcbfffb63ea2b98467da44c89fb0aa57edf3583caaab115662bf34a
03_code/content_detected/22_test_gmx_mmpbsa_one_siyuan_debug.slurm	03_code	5118	cc0c174ad1b43bb6543732c1dd113579d6072dfa8b6b5fe72d364d2ccc8f21a6
03_code/content_detected/22A_diagnose_mmpbsa_failure.sh	03_code	5787	7e215937716a2136273ca61c2cd4ea76c0e141e06de5618d0349314b72204792
03_code/content_detected/22B_test_siyuan_run1_visibility_bindfix.slurm	03_code	4712	a23db1b471bebcc77eabe21cf5a7f7ebfb5a91978a97e46da7f3cbfd703d8b93
03_code/content_detected/22C_find_gmx_mmpbsa_container.sh	03_code	4755	1df6e702d2461fcc5b5bc5a93b430e2f9d22fda01df11c3a1e5157474c6aa87a
03_code/content_detected/22C_make_direct_gmx_mmpbsa_scripts.sh	03_code	24609	4d658ca48eec5a1020970959320206543805620ef3e5c37765f3ca21f4b6cce4
03_code/content_detected/22D_test_gmx_mmpbsa_direct_serial_debug.slurm	03_code	5936	5e154c4db3790fdf817b65a17e49a276129445a31ef4611c3c70f863220819d7
03_code/content_detected/22F_make_pbradii_fixed_gmx_mmpbsa_scripts.sh	03_code	22451	36f6b7ae3242010a841bd765e1184be702ff0b134e1f5c939268f6b30674dc16
03_code/content_detected/22F_test_gmx_mmpbsa_direct_serial_debug_pbradii3.slurm	03_code	7117	0f9ef18d48ac9ef5375af713f9915b047f36711b3ce72b4631fa5c585ec7afbe
03_code/content_detected/23_gmx_mmpbsa_array_gb.slurm	03_code	1864	9bb771aa7bfa6af74748999d01e4de895e74e6b9fd8a51e0f3ab8c365109e459
03_code/content_detected/23_gmx_mmpbsa_array_gb_siyuan.slurm	03_code	2785	30b97b050fe6281a63166bf78d5dc15c7c80a71a4288ab0bcfb42a7590d3cb56
03_code/content_detected/23D_gmx_mmpbsa_array_gb_direct_serial.slurm	03_code	5516	ad7d59b6661395a534ef67d53fccfd647db25b3b476c40decca4f30f7bb3a8c6
03_code/content_detected/23F_gmx_mmpbsa_array_gb_direct_serial_pbradii3.slurm	03_code	6822	d71c747ca363bb47c58799c87f903a467236ca02c713b4878699796404ffbee8
03_code/content_detected/24_gmx_mmpbsa_array_gb_pb.slurm	03_code	1789	405654d70a63f52cd504d7c8ea27f1a4a406c59b0bd06db0a722f4bda50522e5
03_code/content_detected/24_gmx_mmpbsa_array_gbpb_siyuan.slurm	03_code	1995	0c04d38a8300cdec56dd0451b7b6073a860a6f69c7688664d08255084c23a2f2
03_code/content_detected/24D_check_gmx_mmpbsa_direct_outputs.sh	03_code	1478	edf0f714332e38e80daa8a7451efb2faad7c7c27d4c7e0967356d168318b77d5
03_code/content_detected/24F_check_gmx_mmpbsa_pbradii3_outputs.sh	03_code	1671	a9cb98347f0c50bf843020f9ce714408d037e46e2ea8c70ac5d17e2c2dfe193c
03_code/content_detected/25_gmx_mmpbsa_array_decomp_gb.slurm	03_code	1886	a5fb00afeabccd8ee3f1d34e9db36412d9a3ffd315b2671408744624df04fc60
03_code/content_detected/25_gmx_mmpbsa_array_decomp_gb_siyuan.slurm	03_code	2102	b85f8a001abfbb98b75bbc0c4849219b90ad8567b6659c2604474cdab5e5b4c1
03_code/content_detected/26_check_gmx_mmpbsa_outputs.sh	03_code	1466	819188d28f7068732691ac151e7acf2e78393bd0a0bd115e1aedd6392560173e
03_code/content_detected/27_collect_gmx_mmpbsa_results.py	03_code	11092	2f764bebf873840a9a98e97b6780bd0a8bf2556ca02132c9c995889b25b40746
03_code/content_detected/27D_collect_gmx_mmpbsa_delta_total.py	03_code	4799	b12714ef0a29ed8c4f8415802c14fd7a9fdbdab2d2bf33ab0072483b2fa288b8
03_code/content_detected/27F_collect_gmx_mmpbsa_pbradii3_results.py	03_code	4807	4edfe9cc138093648f141c04f90f146f70a3607aab7e79ac3418b3e310ac5aff
03_code/content_detected/27G_collect_gmx_mmpbsa_results_robust.py	03_code	8799	9fb11c41b8a5dd9de9037b4d02075eb02f398be6e74a9a7b4caecae583a71515
03_code/content_detected/27H_collect_gmx_mmpbsa_delta_section.py	03_code	7957	e78d5d2f46df2b80313f6c2af7ac43b90ed4d327b914b0a47159eabdf7283a07
03_code/content_detected/28_extract_top_decomp_residues.py	03_code	2613	8de4b95c057b1ab03e299d88519252afdf23cf8714628e7f1b31f6d22940bb3e
03_code/content_detected/28_visualize_gmx_mmpbsa_nature.py	03_code	40340	8b68dce528d5732c55d19e4c2a99f3163a3b1d22770fc28f3a5d1e1db02e562b
03_code/content_detected/29_gmx_mmpbsa_methods_template.txt	03_code	2609	e1fac2b5871d42e133a192b9e4eb911312f01bdd0a3f945af8aa7aa3eef2c607
03_code/content_detected/30_make_clean_reviewer_release.sh	03_code	29315	9ba7b639ac59b11a900cabb2f4777f9b024331f8b64533923d74f5f7261d0a1e
03_code/content_detected/32_copy_mmpbsa_codes_to_existing_backups.sh	03_code	16737	bc9dfa552bf8c7b6e9d35ba110d531985a301c95a1132f9bbf9fd8380fedb96d
03_code/content_detected/33_backup_gromacs_md_analysis.sh	03_code	23623	d61f57e3d02e8459e111d061e65450c2da6f53431e15418a67c641d7b0fa5592
03_code/content_detected/A35R_gromacs_cpu_master_create_scripts.sh	03_code	57290	f47a74bd1ead3ac103f83f1e1e0c468afb89485b983300379a3b98eed781867d
03_code/content_detected/check_mmpbsa_result_terms.txt	03_code	29196	065138ffd36be407df9842fbbec13ef20fb36311700f6ae524ff19ac989d96d5
03_code/content_detected/MANIFEST_A35R_GROMACS.txt	03_code	7401	7a4afc0623dd6b02da12289cc84271e95f188054b1b3389e800e6b0278b40d18
03_code/content_detected/README_RUN_ORDER_CPU.txt	03_code	2136	c44b33d3509bcea60aa10bb70fee1b29b5718aedccade355ca67d4e2469132ca
03_code/content_detected/run1.sh	03_code	113	602260233fd1f80a9b00e1262f5db607380a537ca6668a92ecbc454eacb741c5
03_code/content_detected/scripts_convert_xvg_to_csv.py	03_code	2750	3bf150736f41bc108465b2c13c080d2fab75540874c4aa5706ece66df21cfc84
03_code/nature_plotting/28_extract_top_decomp_residues.py	03_code	2613	8de4b95c057b1ab03e299d88519252afdf23cf8714628e7f1b31f6d22940bb3e
03_code/nature_plotting/28_visualize_gmx_mmpbsa_nature.py	03_code	40340	8b68dce528d5732c55d19e4c2a99f3163a3b1d22770fc28f3a5d1e1db02e562b
03_code/production_slurm/05_test_gromacs_cpu_array.slurm	03_code	4124	b90d9ee2dfe4d70af1c993b7b41f05a1f2470ce92f4e75dbab4e3e29b5c259d8
03_code/progress_check/11_check_gromacs_100ns_progress.sh	03_code	6754	96c640d06fab71978e89668836463513644d42f5618e23698e46f586289f5e5c
03_code/progress_check/12_estimate_realtime_speed.sh	03_code	5535	358138148acf4774d5c6edf7c3cedce0f7dfbd5c5319c51d0f902dd59fa3d809
03_code/progress_check/13_check_all_100ns_finished.sh	03_code	5173	ab1e90b863e5f3a2efac8262659daa6d50086c302ddf510e284bfc6faf8dc80a
04_summary_tables/gmx_analysis_summary/combined_contacts_prot_lig.csv	04_summary_tables	4032062	ebc84c7b755b4e19b15f46054c5a0061b7a3fc81758ab6fc9fc358b3a44adf7c
04_summary_tables/gmx_analysis_summary/combined_gyrate_protein.csv	04_summary_tables	4022446	a8823b295628fd3a3e7caa53bca96199c585b17a6a6b5648de7075aec89e4b1c
04_summary_tables/gmx_analysis_summary/combined_hbond_prot_lig.csv	04_summary_tables	3672392	ff0f947a3a98389acbb3aa6b7fd9726d23830a546c1dfcc1c3a779b142911169
04_summary_tables/gmx_analysis_summary/combined_mindist_prot_lig.csv	04_summary_tables	4382349	8b305e7e10218e3b0053fd2f93e9d1aaded7f9e472e51b986bafad7b7e77ef5b
04_summary_tables/gmx_analysis_summary/combined_rmsd_backbone.csv	04_summary_tables	4917504	637557dcc168b7d8448e7877b76c16f4147150495e31a40bd23d88fc77344539
04_summary_tables/gmx_analysis_summary/combined_rmsd_ligand_heavy.csv	04_summary_tables	5277350	f90d758ca88b3baf47fe400c89f76fc4d78e730ac54b6050ae842cc123042d6b
04_summary_tables/gmx_analysis_summary/combined_rmsf_backbone_residue.csv	04_summary_tables	81959	dcff40a6153acbfb175e40aaa3fd13cbaf2b0ebe5b7c098c61b058ce6cc53642
04_summary_tables/gmx_analysis_summary/summary_by_system_metric.csv	04_summary_tables	1498	8b0b50bb1c3f8b62fe79e24af15e44f8032325bf1b2c1099f80a91af9785eb98
04_summary_tables/gmx_analysis_summary/summary_table.csv	04_summary_tables	6314	fb93f03e7570836592f91fd9c08d33e170e921123ddd89dbe07823b5c98b650f
04_summary_tables/nature_figures_csv/md_missing_or_unreadable_files.csv	04_summary_tables	25	444cb5fb87c9e67a7a0c512e7e86204bb34de3483a0c0d39ee1f32b9143b7d1f
04_summary_tables/nature_figures_csv/md_summary_by_rep.csv	04_summary_tables	8756	12cf541124957b10a1f85b045efdca987c6cb70a77ee7a9b9d4972e38f3695e1
04_summary_tables/nature_figures_csv/md_summary_by_system_metric.csv	04_summary_tables	2478	ce0ec78baf79622cb40cc22b0449da4a2c618768f1d16800ac95ea045cfff37e
05_per_replicate_csv/drugs2263/rep1/analysis/contacts_prot_lig.csv	05_per_replicate_csv	138915	e781ee53a73b89241820f24a10b73f82daa2192c2faf4310e6cc431089a81321
05_per_replicate_csv/drugs2263/rep1/analysis/gyrate_protein.csv	05_per_replicate_csv	404584	1b5b8742ccf9009d94119b0e960dc35d310f13c399bcd8f4503ab4d0f0d4eebf
05_per_replicate_csv/drugs2263/rep1/analysis/hbond_ang_prot_lig.csv	05_per_replicate_csv	476	a8b3ce1a5db22f9b66396643b378170819b87d68068fbb7f5d28cd12cd9c96a6
05_per_replicate_csv/drugs2263/rep1/analysis/hbond_dist_prot_lig.csv	05_per_replicate_csv	940	d2cd061ab4a26248227fe26a365d31979db307f649e9f051ffafdfc3bf181400
05_per_replicate_csv/drugs2263/rep1/analysis/hbond_prot_lig.csv	05_per_replicate_csv	168929	34d102f36b88013a9256d41684667a095266d841a46374e711f60108b9c1faa6
05_per_replicate_csv/drugs2263/rep1/analysis/mindist_prot_lig.csv	05_per_replicate_csv	187791	73f7044346af59a4f3790d609e6ded48cb89d5365637ca7631fe9aadab44841a
05_per_replicate_csv/drugs2263/rep1/analysis/rmsd_backbone.csv	05_per_replicate_csv	215698	6846da3aa9141a404148b0dd7e40307a4fe900839cebfdf1a2e79cb703a8196f
05_per_replicate_csv/drugs2263/rep1/analysis/rmsd_ligand_heavy.csv	05_per_replicate_csv	215590	7368e1205f4bf36273d1d8799aeb3e9052dafe9e16f16166481f66d43bad453d
05_per_replicate_csv/drugs2263/rep1/analysis/rmsf_backbone_residue.csv	05_per_replicate_csv	2436	3e5bd2ed7e598c1f7c9bfd1b7a011c067c2d5444b9f7f897a09a4804ea450ff0
05_per_replicate_csv/drugs2263/rep2/analysis/contacts_prot_lig.csv	05_per_replicate_csv	138900	fdcd758bc155de276db344f0e04faa87321c9a0d6e2a4b7c7ed0f127686b5a8b
05_per_replicate_csv/drugs2263/rep2/analysis/gyrate_protein.csv	05_per_replicate_csv	404506	82682d32c81602a82178139db2289ef8fd529b2a4b551d9456d09b8f005112ec
05_per_replicate_csv/drugs2263/rep2/analysis/hbond_ang_prot_lig.csv	05_per_replicate_csv	481	9f18a86cad9938b4b963e49f25f8d252422bbf1a5ebfc53b0ef459a5ac4a39b3
05_per_replicate_csv/drugs2263/rep2/analysis/hbond_dist_prot_lig.csv	05_per_replicate_csv	934	0a36e60e7a281e411919da9843309e3cd9e7e3193ccd96a4f49baf9a616a75bd
05_per_replicate_csv/drugs2263/rep2/analysis/hbond_prot_lig.csv	05_per_replicate_csv	168929	ad86a1c68215bda6270f5e1b88d4963dedc7f3f14e927471f72a0e9ff3b375f7
05_per_replicate_csv/drugs2263/rep2/analysis/mindist_prot_lig.csv	05_per_replicate_csv	187809	032bf39c13f2f0a565c66488015131287d69d13120ad8dcc8f8719963eee69c0
05_per_replicate_csv/drugs2263/rep2/analysis/rmsd_backbone.csv	05_per_replicate_csv	215643	2b50202836497a569745e9cbe327baaf2e0c870d9940ce7baa76429a2884d8e8
05_per_replicate_csv/drugs2263/rep2/analysis/rmsd_ligand_heavy.csv	05_per_replicate_csv	215694	ec48cd742ef2a3d89d3ff751d66ea62427160ff49db0dc22ca5240232005aef0
05_per_replicate_csv/drugs2263/rep2/analysis/rmsf_backbone_residue.csv	05_per_replicate_csv	2429	c8b9be88dce5941e06a424f798af936085230a1823734dcb83cafa3244ca52f8
05_per_replicate_csv/drugs2263/rep3/analysis/contacts_prot_lig.csv	05_per_replicate_csv	138914	bbc66183dccded42b38722ee7e206eee73d3c7d5603dc4c2db61e9fc19aca113
05_per_replicate_csv/drugs2263/rep3/analysis/gyrate_protein.csv	05_per_replicate_csv	404472	496a37bb45c2bb9a817e71318c89ffe68cd07f809eea2d5529cfe5793fd87716
05_per_replicate_csv/drugs2263/rep3/analysis/hbond_ang_prot_lig.csv	05_per_replicate_csv	475	54fd75f2d5bb8fbe17f93d121a513ac56b4656992590f6096ff15c55dd34f174
05_per_replicate_csv/drugs2263/rep3/analysis/hbond_dist_prot_lig.csv	05_per_replicate_csv	936	60435b9decaaf6f6b98d7cd7d64cf06a4d2985dee86fca5f14286277928dbc8c
05_per_replicate_csv/drugs2263/rep3/analysis/hbond_prot_lig.csv	05_per_replicate_csv	168929	b4880f9ef6a0d90602e5e1bf185ad210bc727e7a2564752e8db8ab320e6aebf8
05_per_replicate_csv/drugs2263/rep3/analysis/mindist_prot_lig.csv	05_per_replicate_csv	187800	b3458302e6a3fe890c9f4d709547dfcd0ff941e4799cd49577939126d5ec785c
05_per_replicate_csv/drugs2263/rep3/analysis/rmsd_backbone.csv	05_per_replicate_csv	215636	085089fae3886694ea9b622fac915440283b6fe9ad6a6cdf270aa74e3a8ebd77
05_per_replicate_csv/drugs2263/rep3/analysis/rmsd_ligand_heavy.csv	05_per_replicate_csv	215617	6110ab103e2710bcf9771e0caf897a59065a6e56f0cc1627ee274bd9e119739d
05_per_replicate_csv/drugs2263/rep3/analysis/rmsf_backbone_residue.csv	05_per_replicate_csv	2427	2ab534ef7785cc6079318349354eb826a7dbd87d742590cd57e0a9334c2d8a9f
05_per_replicate_csv/drugs3003/rep1/analysis/contacts_prot_lig.csv	05_per_replicate_csv	138852	f9bb218c0b8445b119302dc23334aa4beea8e22f9fa65ab7f9eb28a52b8d7e68
05_per_replicate_csv/drugs3003/rep1/analysis/gyrate_protein.csv	05_per_replicate_csv	404504	eefea967f8439993c340a3d1446415382bdb26cc5c5488915dc3e52246c1f7bd
05_per_replicate_csv/drugs3003/rep1/analysis/hbond_ang_prot_lig.csv	05_per_replicate_csv	481	82013217fe1975e91d1dbe8a15834d79b90a45a178b64d671aab8568a48d8225
05_per_replicate_csv/drugs3003/rep1/analysis/hbond_dist_prot_lig.csv	05_per_replicate_csv	933	18893b352fa369ccc726c3d32a4b6b21edf0439243d78778de37b68c8d446618
05_per_replicate_csv/drugs3003/rep1/analysis/hbond_prot_lig.csv	05_per_replicate_csv	168929	65db6025ee7754d8a0f2b935bca3130296b34362104256245c4df4a54b4d877f
05_per_replicate_csv/drugs3003/rep1/analysis/mindist_prot_lig.csv	05_per_replicate_csv	187812	f26cf3d018bffe963d1ea8b24568dc253f4f5397ca23cf3877fdb271d76b7028
05_per_replicate_csv/drugs3003/rep1/analysis/rmsd_backbone.csv	05_per_replicate_csv	215624	75ed82d4abfac8e6edb1661ac3d3e3ea1c34f2c40776f89527989d0ff8c54ae8
05_per_replicate_csv/drugs3003/rep1/analysis/rmsd_ligand_heavy.csv	05_per_replicate_csv	215642	60d63e7c8c6f5e0cc79166ae50e5983bbd2860bdb7b71dd8677d5875c9491ed7
05_per_replicate_csv/drugs3003/rep1/analysis/rmsf_backbone_residue.csv	05_per_replicate_csv	2429	b2b66b5c56d73aa0013eaa5888bd7d700c68a61839171136ba35f946b43b0663
05_per_replicate_csv/drugs3003/rep2/analysis/contacts_prot_lig.csv	05_per_replicate_csv	138912	3454823a58272ee7dd36b0de095be5c2400d64ee608b21e136a466f02989f8c2
05_per_replicate_csv/drugs3003/rep2/analysis/gyrate_protein.csv	05_per_replicate_csv	404483	8c70a52dd85d39a7c7dee490023df63bf1c920d4b04862140cbdcbb32068a7b3
05_per_replicate_csv/drugs3003/rep2/analysis/hbond_ang_prot_lig.csv	05_per_replicate_csv	480	a8ae4a57010e67d0e98b2d414d2bcf462a0b0085efa340835b13cb789a8168d1
05_per_replicate_csv/drugs3003/rep2/analysis/hbond_dist_prot_lig.csv	05_per_replicate_csv	931	ea06c1a44afd56e52f4655f3ab365fd00b53564851a0175451e696a99645bb68
05_per_replicate_csv/drugs3003/rep2/analysis/hbond_prot_lig.csv	05_per_replicate_csv	168929	c72cf9d7a03073bc1a451ca8b9f8fc443677df8d3e7e72f2893d33cd535683bf
05_per_replicate_csv/drugs3003/rep2/analysis/mindist_prot_lig.csv	05_per_replicate_csv	187909	83f8a57d49350132bd45e121ff5ed94a9eb6d4cd75de7749f869d16d9a592ff7
05_per_replicate_csv/drugs3003/rep2/analysis/rmsd_backbone.csv	05_per_replicate_csv	215702	aece1d6c9df74c6bec88e03a16e45a816b5f04b182984c28ac534151321f9c7b
05_per_replicate_csv/drugs3003/rep2/analysis/rmsd_ligand_heavy.csv	05_per_replicate_csv	215627	caaa5121e5592025287dc84e309d6fd5d71ee9c7525b72b93c91573efec8d94c
05_per_replicate_csv/drugs3003/rep2/analysis/rmsf_backbone_residue.csv	05_per_replicate_csv	2437	b6fe003973ccca96869b08bef2f8bb823af2a56aca66203c3933a20e9caa584f
05_per_replicate_csv/drugs3003/rep3/analysis/contacts_prot_lig.csv	05_per_replicate_csv	138693	c48fd625019c7aefe912d9b06ec3c23306fb53cd6f0f4780aeeadaa3a1e963d9
05_per_replicate_csv/drugs3003/rep3/analysis/gyrate_protein.csv	05_per_replicate_csv	404512	e130bf586390dfd91d6b59f1c85d41b6bd060b0b896f1d1fa265980207d55a7f
05_per_replicate_csv/drugs3003/rep3/analysis/hbond_ang_prot_lig.csv	05_per_replicate_csv	475	06332f5ca543a42af05c490612366b1acaa90e36731a299c27ee773d87514c35
05_per_replicate_csv/drugs3003/rep3/analysis/hbond_dist_prot_lig.csv	05_per_replicate_csv	933	626461b2c4e6113fc72004094e5d53a9ccf157495c8ee7dc8d1019fb0e465a3c
05_per_replicate_csv/drugs3003/rep3/analysis/hbond_prot_lig.csv	05_per_replicate_csv	168929	f24783427410df9ecb62b2aaf0a722b77ac97121ab72e747c319baf41a2a0148
05_per_replicate_csv/drugs3003/rep3/analysis/mindist_prot_lig.csv	05_per_replicate_csv	187728	7edd993bea7b8e373bf75ed3ebaa3b9afb596db7b5f9dab7d346493ee3865248
05_per_replicate_csv/drugs3003/rep3/analysis/rmsd_backbone.csv	05_per_replicate_csv	215704	dfabefb067cc4fdcb84ad708b1f5b181dfa577bac6f7f0a12b18ec8554fb58e7
05_per_replicate_csv/drugs3003/rep3/analysis/rmsd_ligand_heavy.csv	05_per_replicate_csv	215624	a707f1d957be73eb3f660249ca1a70882eab806a895523379ca638b0faf24eb1
05_per_replicate_csv/drugs3003/rep3/analysis/rmsf_backbone_residue.csv	05_per_replicate_csv	2419	cbe5596f4c64abfd892c863f0ad8cb73427a182ed595436f91173ddc213e39bc
05_per_replicate_csv/drugs3523/rep1/analysis/contacts_prot_lig.csv	05_per_replicate_csv	138904	6a243bf296d9478c2bea657e90694452b949974e6d167960136224415025a741
05_per_replicate_csv/drugs3523/rep1/analysis/gyrate_protein.csv	05_per_replicate_csv	404576	246c77a33997a6dbedb6f63c132d66d043503f23bebc3002a9dd2b7b70462e81
05_per_replicate_csv/drugs3523/rep1/analysis/hbond_ang_prot_lig.csv	05_per_replicate_csv	480	6ac89b2af37bf732bb3beecb886cf1c1974392aed368e8ee8d5905dc2bbd0cc0
05_per_replicate_csv/drugs3523/rep1/analysis/hbond_dist_prot_lig.csv	05_per_replicate_csv	943	da0adfbcf8eb91becaf1e99daa67b33c28374de4b35974062abf43825a63cb14
05_per_replicate_csv/drugs3523/rep1/analysis/hbond_prot_lig.csv	05_per_replicate_csv	168929	3c625f12ac4471d34d2de78dfed1aacdee42b0fb3c755cd150c257de835ff1e3
05_per_replicate_csv/drugs3523/rep1/analysis/mindist_prot_lig.csv	05_per_replicate_csv	187795	664700d296ab2e42b0f8524d05bdde42e2013ec6a00ec83d50712b55cbec5471
05_per_replicate_csv/drugs3523/rep1/analysis/rmsd_backbone.csv	05_per_replicate_csv	215662	d544bf48d86588b28d5737bebfcdec06056efec6f235dfdbe87fd5d73cc1ddc2
05_per_replicate_csv/drugs3523/rep1/analysis/rmsd_ligand_heavy.csv	05_per_replicate_csv	215669	35444b18d709046a7a1cfeff7692eb90186ec186f3ccc34a3d640987ecd63bca
05_per_replicate_csv/drugs3523/rep1/analysis/rmsf_backbone_residue.csv	05_per_replicate_csv	2432	54c6fbec0bd6f7c7fdab6981a7c85f3d42012e7702a97f40cd0aac527d340a54
05_per_replicate_csv/drugs3523/rep2/analysis/contacts_prot_lig.csv	05_per_replicate_csv	138921	780159783d31053ff68dc1fd90e9bf1af2176b1336013018be696dbbf3a3430a
05_per_replicate_csv/drugs3523/rep2/analysis/gyrate_protein.csv	05_per_replicate_csv	404536	449f746d004e70b0db4630a3e65a4e0dff41e1d4c38d783c70fd92ddec7cc416
05_per_replicate_csv/drugs3523/rep2/analysis/hbond_ang_prot_lig.csv	05_per_replicate_csv	476	d1fbf0f32ac0b3322617927a59d1e999a22ea5fe316a9722a07bf691ecddf613
05_per_replicate_csv/drugs3523/rep2/analysis/hbond_dist_prot_lig.csv	05_per_replicate_csv	933	7c8e43c7107de374489fc0feb9ed0dbd7fcf01f713adbd45f956b46baf2f1df4
05_per_replicate_csv/drugs3523/rep2/analysis/hbond_prot_lig.csv	05_per_replicate_csv	168929	36674ca58e2e1eaebb7b6813f87dc55b66ae3214aa3c29f65a9505f5790a60e8
05_per_replicate_csv/drugs3523/rep2/analysis/mindist_prot_lig.csv	05_per_replicate_csv	187798	357d1b1d66c9bea3d2edd0cb3896a16db3b058caa8fb5294e605116b236c3818
05_per_replicate_csv/drugs3523/rep2/analysis/rmsd_backbone.csv	05_per_replicate_csv	215688	b8dd1c676752a23a53d38f009b5d47bb8c5370c1b99cf4eabcedf82dd95f73bc
05_per_replicate_csv/drugs3523/rep2/analysis/rmsd_ligand_heavy.csv	05_per_replicate_csv	215620	53d2674d2a6c3a5471de369e152017f7e5ba27437af7b885be6af409f6c8d46f
05_per_replicate_csv/drugs3523/rep2/analysis/rmsf_backbone_residue.csv	05_per_replicate_csv	2435	6b1d6710ff940209ea0037455f44552f4e004ef5c4a85e7a8bd1e25f423efda6
05_per_replicate_csv/drugs3523/rep3/analysis/contacts_prot_lig.csv	05_per_replicate_csv	138921	ac06a987245e1ef3fe7ba815fcfebcf39d0c64b42bd068438241cc3fd02149ab
05_per_replicate_csv/drugs3523/rep3/analysis/gyrate_protein.csv	05_per_replicate_csv	404470	5cfe2f074fdfde0fa5eadf3b8ee75897abebfafa9f9c7c1c1920424f8a619f3c
05_per_replicate_csv/drugs3523/rep3/analysis/hbond_ang_prot_lig.csv	05_per_replicate_csv	483	4f3e414249cbe9f670a3af499a86571ec9154d6935ff0d57f3a910dcc9507d76
05_per_replicate_csv/drugs3523/rep3/analysis/hbond_dist_prot_lig.csv	05_per_replicate_csv	934	248fdda83ee3be59a957bed429e8e07fcbce17391b455166aae217ce693e681c
05_per_replicate_csv/drugs3523/rep3/analysis/hbond_prot_lig.csv	05_per_replicate_csv	168929	277b9b68b21c30d9f729d4c7dfa9194c082836add16bc8516eb683bab3eabebb
05_per_replicate_csv/drugs3523/rep3/analysis/mindist_prot_lig.csv	05_per_replicate_csv	187804	c1a0c0927860d8999d4bffd5aa8d81973b63c99aeab3c5514c279adb4f196d0c
05_per_replicate_csv/drugs3523/rep3/analysis/rmsd_backbone.csv	05_per_replicate_csv	215590	0ca56333febaa3e18d131c85122b4580209eabe807149b2b3fd480702b9082b5
05_per_replicate_csv/drugs3523/rep3/analysis/rmsd_ligand_heavy.csv	05_per_replicate_csv	215674	36312d0b4359252080d1571327964bbf88ef4f702738ae7bd933c50dc753832d
05_per_replicate_csv/drugs3523/rep3/analysis/rmsf_backbone_residue.csv	05_per_replicate_csv	2426	8edb3af8c42d2b883a7be9aeaf3dba92af427b0b381f28a0e985509df8f3b8ec
06_figures/figures_pdf/md_each_rep_single_panel/drugs2263/rep1/contacts_prot_lig_drugs2263_rep1.pdf	06_figures	31494	490c6fe213895398683c6c59921394982a09712d49c128c996d644b2e46d92a6
06_figures/figures_pdf/md_each_rep_single_panel/drugs2263/rep1/gyrate_protein_drugs2263_rep1.pdf	06_figures	40489	8401d3e8c2fd5c268841ed07e242e5002eaddb3aece519dd31c526d69d56c815
06_figures/figures_pdf/md_each_rep_single_panel/drugs2263/rep1/hbond_prot_lig_drugs2263_rep1.pdf	06_figures	24357	d1443bfcacca9b298cfc5ec308b40894521753f7167882b7e2ca417cba974842
06_figures/figures_pdf/md_each_rep_single_panel/drugs2263/rep1/mindist_prot_lig_drugs2263_rep1.pdf	06_figures	46254	681cee5fc045e3c7acb801b9d352d28e3dd2e98c26b4f2412349f21317a49227
06_figures/figures_pdf/md_each_rep_single_panel/drugs2263/rep1/rmsd_backbone_drugs2263_rep1.pdf	06_figures	41616	ecc99097d62bf214e50b7b122d210b13f6dd97b8c85be1810f0666a8f199d5a4
06_figures/figures_pdf/md_each_rep_single_panel/drugs2263/rep1/rmsd_ligand_heavy_drugs2263_rep1.pdf	06_figures	41686	5c398ff23d42973bf508b23d60d952fa1416afb529671694fa07538172ae1fc0
06_figures/figures_pdf/md_each_rep_single_panel/drugs2263/rep1/rmsf_backbone_residue_drugs2263_rep1.pdf	06_figures	12745	f5ce488d922297156dcc3dd63e4ff5b6a3c657056dd67488fef3a3ee4f998316
06_figures/figures_pdf/md_each_rep_single_panel/drugs2263/rep2/contacts_prot_lig_drugs2263_rep2.pdf	06_figures	31558	1c2a4b19e1b65025f9de4e46348f32a22899a21f869cd6a23dabfaf3cd1a3f8e
06_figures/figures_pdf/md_each_rep_single_panel/drugs2263/rep2/gyrate_protein_drugs2263_rep2.pdf	06_figures	39970	a07ad3f61bb7b85ec344f38b1fbbe887213f7ecae588ae0cbb6966375dbaaf6e
06_figures/figures_pdf/md_each_rep_single_panel/drugs2263/rep2/hbond_prot_lig_drugs2263_rep2.pdf	06_figures	21765	63eac37b361dd6341a28c069b6b604ad7ab70e20167c08305c601534e5a2bcf4
06_figures/figures_pdf/md_each_rep_single_panel/drugs2263/rep2/mindist_prot_lig_drugs2263_rep2.pdf	06_figures	46942	2af7bc53e2cd68b170d19ccb3b44222b5ddbe4f9b5b14d8677c3b29e27198565
06_figures/figures_pdf/md_each_rep_single_panel/drugs2263/rep2/rmsd_backbone_drugs2263_rep2.pdf	06_figures	39603	6d64cc6a5766a330b23189a4fee9d247cc3b3b5a32dd7871dec8b011f020722c
06_figures/figures_pdf/md_each_rep_single_panel/drugs2263/rep2/rmsd_ligand_heavy_drugs2263_rep2.pdf	06_figures	42149	d66760e6b09fcc6f4cc753af3b9ed52ba7832395702331c66c570cf07e9e3618
06_figures/figures_pdf/md_each_rep_single_panel/drugs2263/rep2/rmsf_backbone_residue_drugs2263_rep2.pdf	06_figures	13163	802386d546284da9f936201dafc8d7c37ca25eda5420e5334bd38acf2673d93a
06_figures/figures_pdf/md_each_rep_single_panel/drugs2263/rep3/contacts_prot_lig_drugs2263_rep3.pdf	06_figures	32401	b0dba4298832ddf56f7d3de31209e2f4d8307fbd65fa543909ae086a5dadfcbd
06_figures/figures_pdf/md_each_rep_single_panel/drugs2263/rep3/gyrate_protein_drugs2263_rep3.pdf	06_figures	40389	753b35bd9848d5110fc162281366caf218932af26a17158d5158914381a33f22
06_figures/figures_pdf/md_each_rep_single_panel/drugs2263/rep3/hbond_prot_lig_drugs2263_rep3.pdf	06_figures	20963	f2fdf711516b33b3e5413b2a064c190b40a0b51bca59ec9f7ff0d0b34fa0afde
06_figures/figures_pdf/md_each_rep_single_panel/drugs2263/rep3/mindist_prot_lig_drugs2263_rep3.pdf	06_figures	46599	8d6607bae737b59618ba299b975efe2d2e67249e6c6c133ab56b94578205a2b7
06_figures/figures_pdf/md_each_rep_single_panel/drugs2263/rep3/rmsd_backbone_drugs2263_rep3.pdf	06_figures	42125	de88ee802b05ae11d001cfa18dc3e531a4a6079aaf877f84142ffe6b82ed43cf
06_figures/figures_pdf/md_each_rep_single_panel/drugs2263/rep3/rmsd_ligand_heavy_drugs2263_rep3.pdf	06_figures	41638	d80181b3b65bc7e065793491e557c5ec40c3dfbba49c20cc5b85110c48a6b053
06_figures/figures_pdf/md_each_rep_single_panel/drugs2263/rep3/rmsf_backbone_residue_drugs2263_rep3.pdf	06_figures	13442	ee69e51829c7e4566e04c855010d277ba1b94225811f1eafbb33690db9a52d75
06_figures/figures_pdf/md_each_rep_single_panel/drugs3003/rep1/contacts_prot_lig_drugs3003_rep1.pdf	06_figures	31825	48ac7af350eb4609a842b572c32b4b60bb019d31085f78b0021487a706636af3
06_figures/figures_pdf/md_each_rep_single_panel/drugs3003/rep1/gyrate_protein_drugs3003_rep1.pdf	06_figures	41141	e5e7318b89d015069d17f23072379eac5e4256046e209437875608c8e0163f3b
06_figures/figures_pdf/md_each_rep_single_panel/drugs3003/rep1/hbond_prot_lig_drugs3003_rep1.pdf	06_figures	22784	385d5a8a89ec364346b6c4f559251b7f65abca529a71e7405c257aae971a93ed
06_figures/figures_pdf/md_each_rep_single_panel/drugs3003/rep1/mindist_prot_lig_drugs3003_rep1.pdf	06_figures	47769	afe874493378bbfbe6bbbe198bd3cace873aaab5d3e06f09f72f40f0bc1470a2
06_figures/figures_pdf/md_each_rep_single_panel/drugs3003/rep1/rmsd_backbone_drugs3003_rep1.pdf	06_figures	40624	ca3ba57c36049e505d9fcc3d0315f826cf9c911ce916d58125051fd37ac54463
06_figures/figures_pdf/md_each_rep_single_panel/drugs3003/rep1/rmsd_ligand_heavy_drugs3003_rep1.pdf	06_figures	41642	8d5fac9bb082633e6808e388caaede47d5203b4d64ad524b7ccc7c7eb86913a6
06_figures/figures_pdf/md_each_rep_single_panel/drugs3003/rep1/rmsf_backbone_residue_drugs3003_rep1.pdf	06_figures	12920	b91a45f23fcae6b4da31566ee6fbbf6fabac4261648c851427433fc3337abb50
06_figures/figures_pdf/md_each_rep_single_panel/drugs3003/rep2/contacts_prot_lig_drugs3003_rep2.pdf	06_figures	31493	b357cc6ec9abebd7eb6ebfaa7fd834abef382ca3d73c06d24cc9da0ac000a0ca
06_figures/figures_pdf/md_each_rep_single_panel/drugs3003/rep2/gyrate_protein_drugs3003_rep2.pdf	06_figures	41029	08158fbbdda49f7a36d6c3f11b7c84c649adc6427efaed97541061503a9e2248
06_figures/figures_pdf/md_each_rep_single_panel/drugs3003/rep2/hbond_prot_lig_drugs3003_rep2.pdf	06_figures	20841	8b6b27822506345d3c4bef9fed6fe8f3607cb9980fd57f6fc9be11d355d64199
06_figures/figures_pdf/md_each_rep_single_panel/drugs3003/rep2/mindist_prot_lig_drugs3003_rep2.pdf	06_figures	47045	51dd02c9e6b424838ce195ee4600d5f6c06eb1a23f69d96fb9921846932c3c62
06_figures/figures_pdf/md_each_rep_single_panel/drugs3003/rep2/rmsd_backbone_drugs3003_rep2.pdf	06_figures	43059	202c459602e7a215b7cf3cbba0508991f45ca496e1090e63a3d5db90948bc685
06_figures/figures_pdf/md_each_rep_single_panel/drugs3003/rep2/rmsd_ligand_heavy_drugs3003_rep2.pdf	06_figures	41322	9e32846d760cd676fbd41288946390c6deb014f7697da3f3215d73e124a7897e
06_figures/figures_pdf/md_each_rep_single_panel/drugs3003/rep2/rmsf_backbone_residue_drugs3003_rep2.pdf	06_figures	13005	874d46747798e8b8648ba765a8d344a7a333e2dfa76af3a77b5a2361fbeedc04
06_figures/figures_pdf/md_each_rep_single_panel/drugs3003/rep3/contacts_prot_lig_drugs3003_rep3.pdf	06_figures	31721	b083e86a6ebf43b38f25f9296708633fbbccf9e8115bac9594531bff0f289740
06_figures/figures_pdf/md_each_rep_single_panel/drugs3003/rep3/gyrate_protein_drugs3003_rep3.pdf	06_figures	42370	002b243e6ea5bdc34538cdef21b20d58f0b1627a208591f2a7a861fd72ab513d
06_figures/figures_pdf/md_each_rep_single_panel/drugs3003/rep3/hbond_prot_lig_drugs3003_rep3.pdf	06_figures	19129	1059b49badb158aa07422b638759c3bce53c3628ae346153ed6f2860641b5eee
06_figures/figures_pdf/md_each_rep_single_panel/drugs3003/rep3/mindist_prot_lig_drugs3003_rep3.pdf	06_figures	46626	17cc83bc36478631ff107e5c607ffed4ab7153421885be1da28f4d9be277443f
06_figures/figures_pdf/md_each_rep_single_panel/drugs3003/rep3/rmsd_backbone_drugs3003_rep3.pdf	06_figures	41006	23354cbabde97646b8d428a2db0b8a7cfc60cd7c72ea00dab3edabcd8996f503
06_figures/figures_pdf/md_each_rep_single_panel/drugs3003/rep3/rmsd_ligand_heavy_drugs3003_rep3.pdf	06_figures	41347	06b432ef76b24cc973322bbc4436328048a3665025b6bbc1c43ad1bd4c1e3953
06_figures/figures_pdf/md_each_rep_single_panel/drugs3003/rep3/rmsf_backbone_residue_drugs3003_rep3.pdf	06_figures	13370	659651ddaa656d8f9cf4f7dc9f732bcceb0e19e9d5925e02dc446caf16a8d70b
06_figures/figures_pdf/md_each_rep_single_panel/drugs3523/rep1/contacts_prot_lig_drugs3523_rep1.pdf	06_figures	32122	cb07dd463889ec595e8245576746a543e53599ffcd3849d903722364cc8a4a96
06_figures/figures_pdf/md_each_rep_single_panel/drugs3523/rep1/gyrate_protein_drugs3523_rep1.pdf	06_figures	40754	93fd0e7417f6f53c42ce8fb7e40b0429df73ac6be319a7e204655309036bad6c
06_figures/figures_pdf/md_each_rep_single_panel/drugs3523/rep1/hbond_prot_lig_drugs3523_rep1.pdf	06_figures	19787	8707514013528e2e9bcb8ba1f830b5920942e2b44973a7fb91416d155ab7f8f5
06_figures/figures_pdf/md_each_rep_single_panel/drugs3523/rep1/mindist_prot_lig_drugs3523_rep1.pdf	06_figures	46630	dc05614ada45e674549551e97dec49f71c63a9603586484b5899c9523f535c1d
06_figures/figures_pdf/md_each_rep_single_panel/drugs3523/rep1/rmsd_backbone_drugs3523_rep1.pdf	06_figures	40847	82e4506c8adab5febcbb27e6954b2e9929408d1f562043955db407d993274f1e
06_figures/figures_pdf/md_each_rep_single_panel/drugs3523/rep1/rmsd_ligand_heavy_drugs3523_rep1.pdf	06_figures	42918	e89eeab77efd9e38dcc34f8fb94198809fcd0cecc5b46a750aad1900a65ba190
06_figures/figures_pdf/md_each_rep_single_panel/drugs3523/rep1/rmsf_backbone_residue_drugs3523_rep1.pdf	06_figures	12997	4f13748da704dd3c36699fddbd3882eafc58168500197a2ad9323e03d76d9eaa
06_figures/figures_pdf/md_each_rep_single_panel/drugs3523/rep2/contacts_prot_lig_drugs3523_rep2.pdf	06_figures	32644	44b50e0977101597398913a9f12d77d7af9f568d6bba4732bb8d0c987b8a30b3
06_figures/figures_pdf/md_each_rep_single_panel/drugs3523/rep2/gyrate_protein_drugs3523_rep2.pdf	06_figures	41430	a07ddc060d092afe21507c0c357e817f8892191f8288c49ff1d01aa0c7441d2a
06_figures/figures_pdf/md_each_rep_single_panel/drugs3523/rep2/hbond_prot_lig_drugs3523_rep2.pdf	06_figures	20207	85c281674e666e7d04bcd83e0c4be9991450851f29747105b0ff1b851711ac78
06_figures/figures_pdf/md_each_rep_single_panel/drugs3523/rep2/mindist_prot_lig_drugs3523_rep2.pdf	06_figures	47729	7b2a9b65e8edbb62d0c86e6da8aebaf1acfb607ac7e3e323d0d921e59e92087a
06_figures/figures_pdf/md_each_rep_single_panel/drugs3523/rep2/rmsd_backbone_drugs3523_rep2.pdf	06_figures	41327	800d68a4de27f2238ff2dc8973aaf9a4699065705919718c36fab5a759555b1f
06_figures/figures_pdf/md_each_rep_single_panel/drugs3523/rep2/rmsd_ligand_heavy_drugs3523_rep2.pdf	06_figures	43552	5fbff0f51d90d4ae2a1ef66466b4bb136c88ff2c034d46dacc0a0c6ceb8a88ae
06_figures/figures_pdf/md_each_rep_single_panel/drugs3523/rep2/rmsf_backbone_residue_drugs3523_rep2.pdf	06_figures	13450	11cdce9b993fa176403f8e69dd19f51b30c181f9930a216c8fe12abc5f46fe98
06_figures/figures_pdf/md_each_rep_single_panel/drugs3523/rep3/contacts_prot_lig_drugs3523_rep3.pdf	06_figures	32684	442f14222946040f05fedd75ee45f74291fe3f63f3dd1edf42b29c17901ed4b6
06_figures/figures_pdf/md_each_rep_single_panel/drugs3523/rep3/gyrate_protein_drugs3523_rep3.pdf	06_figures	43125	aabe63b2bfcfa36906b658c0a3d8a2351a82e18ceab44036547d8b8b3a1a43da
06_figures/figures_pdf/md_each_rep_single_panel/drugs3523/rep3/hbond_prot_lig_drugs3523_rep3.pdf	06_figures	22474	2a18e1a4ac1652ea09b4f5bb5e5fbf630925750eaab6095b6b6ee7eed46a7315
06_figures/figures_pdf/md_each_rep_single_panel/drugs3523/rep3/mindist_prot_lig_drugs3523_rep3.pdf	06_figures	46343	78cf65e65f774ff89d2bb1f01c1bd9dab3f165ad38dd6099a34655111acc7eb9
06_figures/figures_pdf/md_each_rep_single_panel/drugs3523/rep3/rmsd_backbone_drugs3523_rep3.pdf	06_figures	41150	1171190e5776cf57f07fbc0aa416bd1937ca1a2b7b9404a6b8cdba3a0659cab8
06_figures/figures_pdf/md_each_rep_single_panel/drugs3523/rep3/rmsd_ligand_heavy_drugs3523_rep3.pdf	06_figures	42860	d7326f5a61e904d039502a3fd1c818ba31676c012b0c2138ccbbfd76d5488a1a
06_figures/figures_pdf/md_each_rep_single_panel/drugs3523/rep3/rmsf_backbone_residue_drugs3523_rep3.pdf	06_figures	12907	9a8440ff033f7594d822191a489c142bb51529aabb726e70479d3fee5ada19fb
06_figures/figures_pdf/md_summary_bars/contacts_prot_lig_summary.pdf	06_figures	11622	e5450fb9664678dadeb59ac779eba46b03bf64eb6ebc940a1d3207cab632766a
06_figures/figures_pdf/md_summary_bars/contacts_prot_lig_summary.png	06_figures	114862	dc13281eb954511de2282320f69ca3144c04ae919bd734fbf094d3db16e21190
06_figures/figures_pdf/md_summary_bars/contacts_prot_lig_summary.svg	06_figures	26952	154fa17ca1cf16be380d58a52b9cb630ef68755da8e7f7d1ce80041e650e9c2a
06_figures/figures_pdf/md_summary_bars/gyrate_protein_summary.pdf	06_figures	12199	0750b9b479a1089216ff1cd582bd0554ae1e5dee67c9f762d663dd5d91f4c239
06_figures/figures_pdf/md_summary_bars/gyrate_protein_summary.png	06_figures	94643	3e2c828e16b7b5dddc9e6ba34a6983ca0442fe0090af2c148da0d55063e65a0b
06_figures/figures_pdf/md_summary_bars/gyrate_protein_summary.svg	06_figures	25380	e660a4c2ae2f2bd24309aebaecf490efca3c213be80c760c57b0a8ab7aac1434
06_figures/figures_pdf/md_summary_bars/hbond_prot_lig_summary.pdf	06_figures	12484	c3e12111267e6d5836ee4fcd830153d86d3cbb1a43c0b56c847714257b0b3903
06_figures/figures_pdf/md_summary_bars/hbond_prot_lig_summary.png	06_figures	118599	ecd40a933d650e7948caebdcc1c6ecf175a6569974c9f0114dc57c9540284c94
06_figures/figures_pdf/md_summary_bars/hbond_prot_lig_summary.svg	06_figures	29296	31d4b9c6f72ba3586af11bd035c29cf4e6b8faa09d932542891ed7b067d93aa8
06_figures/figures_pdf/md_summary_bars/mindist_prot_lig_summary.pdf	06_figures	11392	27829e81fc647a05c2766d3fefeb1a3a6da3a3205729d96d8ebfd2fb6ca5abb0
06_figures/figures_pdf/md_summary_bars/mindist_prot_lig_summary.png	06_figures	120385	9c019717fda2404487b050c91126831e0952f702c9772ba8f5484901e3dee5fb
06_figures/figures_pdf/md_summary_bars/mindist_prot_lig_summary.svg	06_figures	27916	512d6f05da9ec9a64b4ebf2a9ac7a0b9217705d154bf7326f3917e7d2ccd3f9f
06_figures/figures_pdf/md_summary_bars/rmsd_backbone_summary.pdf	06_figures	12359	45a0af057b5735c84e8a28fb55ab4ea93f6ef2df3fdf59bfe4133c72aa3d9d95
06_figures/figures_pdf/md_summary_bars/rmsd_backbone_summary.png	06_figures	115529	e6bfd9b265ab64b53d9dd42dacb843883c2f353f463b6e67aa0851561d9fcddd
06_figures/figures_pdf/md_summary_bars/rmsd_backbone_summary.svg	06_figures	28954	272fede7713f8e04e4c1b93c0c42a0a5107e1b4e8c17577c476801630ee89765
06_figures/figures_pdf/md_summary_bars/rmsd_ligand_heavy_summary.pdf	06_figures	12380	5b6d87b294bd16e0ae8c864b67e54050cd7129892319fa3a79016223a777045e
06_figures/figures_pdf/md_summary_bars/rmsd_ligand_heavy_summary.png	06_figures	110429	9c9f91902c1c20c3c7fde7160cf9080c0f57663a9b96fe27facfbf95d66b3f28
06_figures/figures_pdf/md_summary_bars/rmsd_ligand_heavy_summary.svg	06_figures	27850	19498ef7f6e1977b3a6019aeb32e8709e59b64e6ffb9e61c40e2f6875806c671
06_figures/figures_pdf/md_summary_bars/rmsf_backbone_residue_summary.pdf	06_figures	12668	ea07a078045c8c906d678a0c5d7951b39debb2d1074292a86f4e2c7aa2e218d4
06_figures/figures_pdf/md_summary_bars/rmsf_backbone_residue_summary.png	06_figures	117641	554247e2568189518affe1efc89d380d146661e19c061bd27a1c2ae2a1afe556
06_figures/figures_pdf/md_summary_bars/rmsf_backbone_residue_summary.svg	06_figures	29962	67c52507e138a6677fc48e745a2dad4007d0c3c06fb9d970373b6d7177e9feca
06_figures/figures_pdf/md_three_reps_separate_panels/contacts_prot_lig_drugs2263_three_reps_separate_panels.pdf	06_figures	66743	174f35c9cf94cc99740a77f4262845cb25896f53cc5b410bbf90d61fed2778fe
06_figures/figures_pdf/md_three_reps_separate_panels/contacts_prot_lig_drugs3003_three_reps_separate_panels.pdf	06_figures	67556	31b16c788c20f3a4b2f626aef17b173d72c5cf79908734141802f206d343eeab
06_figures/figures_pdf/md_three_reps_separate_panels/contacts_prot_lig_drugs3523_three_reps_separate_panels.pdf	06_figures	69554	b0d7a94f7430d125da877c742fbb6100e635aef04e13505bdee4803aaee8fddd
06_figures/figures_pdf/md_three_reps_separate_panels/gyrate_protein_drugs2263_three_reps_separate_panels.pdf	06_figures	90070	245ee17ce7aef9b368e052b0d9191e45f34c4d0a257c50ed1526032d65ee9f6a
06_figures/figures_pdf/md_three_reps_separate_panels/gyrate_protein_drugs3003_three_reps_separate_panels.pdf	06_figures	93089	2e73d7dda4a461015cb8ad5d67e795424cda5a457815d95eec8aaf7c881622ee
06_figures/figures_pdf/md_three_reps_separate_panels/gyrate_protein_drugs3523_three_reps_separate_panels.pdf	06_figures	93016	ce14ca7e7eda0d6217adbc78fad1245db9058a00e7e090ad26d1e069b36d9037
06_figures/figures_pdf/md_three_reps_separate_panels/hbond_prot_lig_drugs2263_three_reps_separate_panels.pdf	06_figures	48328	839573a04e1e039e40e01594c22c1b3bcf6b7952812f91d6b0183d9d4ba96814
06_figures/figures_pdf/md_three_reps_separate_panels/hbond_prot_lig_drugs3003_three_reps_separate_panels.pdf	06_figures	43300	3563da3eca5201d8b6ac6a731615245630ebfc2e173a35241111ef612185fe79
06_figures/figures_pdf/md_three_reps_separate_panels/hbond_prot_lig_drugs3523_three_reps_separate_panels.pdf	06_figures	41931	6b8ca8d6772f357796326218491f54e1c8d2e435b46bd8c27171bb5da621d5ba
06_figures/figures_pdf/md_three_reps_separate_panels/mindist_prot_lig_drugs2263_three_reps_separate_panels.pdf	06_figures	102059	caf0e7a16b22d94868e978a3675ec460f27bde06fb7faa6cfb30f06ad33351b8
06_figures/figures_pdf/md_three_reps_separate_panels/mindist_prot_lig_drugs3003_three_reps_separate_panels.pdf	06_figures	98974	bc7bbe2f49ffa36fcb56e91f66a8b759f61e8b4d4d3f76cd8139cb2670ea2650
06_figures/figures_pdf/md_three_reps_separate_panels/mindist_prot_lig_drugs3523_three_reps_separate_panels.pdf	06_figures	99469	ddf5fca06040762dbdc5589ff325f375bae60b56044b21a0cff86743989ead27
06_figures/figures_pdf/md_three_reps_separate_panels/rmsd_backbone_drugs2263_three_reps_separate_panels.pdf	06_figures	88283	b500b00923a2f28a39d1a6e1d8eb0a63ff1ac3e5832fae82946a78091f9ffac4
06_figures/figures_pdf/md_three_reps_separate_panels/rmsd_backbone_drugs3003_three_reps_separate_panels.pdf	06_figures	86496	45f31db6a65f4e0b6a4c24df7af46049a32ac5cedf91b7674567d7fcbd69a1ac
06_figures/figures_pdf/md_three_reps_separate_panels/rmsd_backbone_drugs3523_three_reps_separate_panels.pdf	06_figures	86812	64db4db1990e9978ace05583f48a7eddc145e4ddd06e7f5b7927034ed18ef159
06_figures/figures_pdf/md_three_reps_separate_panels/rmsd_ligand_heavy_drugs2263_three_reps_separate_panels.pdf	06_figures	91749	e1e38b7afc61b0fc211cfdd5dbd446cf78bfd77af54d0111addf3809bb22241f
06_figures/figures_pdf/md_three_reps_separate_panels/rmsd_ligand_heavy_drugs3003_three_reps_separate_panels.pdf	06_figures	89801	1b7860fcdd00913c8b36821fefd16b131aaf68a4f340a0b413ce9b3fb1d7ead8
06_figures/figures_pdf/md_three_reps_separate_panels/rmsd_ligand_heavy_drugs3523_three_reps_separate_panels.pdf	06_figures	91242	b292411e2acf731c02b52964208c883b6bba3285846d4bae58584e384b09a262
06_figures/figures_pdf/md_three_reps_separate_panels/rmsf_backbone_residue_drugs2263_three_reps_separate_panels.pdf	06_figures	17410	a07576450acf6ad9b7fc8879e331c2c6461a45d42d8c3879a4f71613035d09de
06_figures/figures_pdf/md_three_reps_separate_panels/rmsf_backbone_residue_drugs3003_three_reps_separate_panels.pdf	06_figures	17923	24a04725679ca3bae05f83682d2517aabe8c533e2e98a311c0e0b3d19ddd6822
06_figures/figures_pdf/md_three_reps_separate_panels/rmsf_backbone_residue_drugs3523_three_reps_separate_panels.pdf	06_figures	17544	279db423f7dad406aaf341e2e5ccb9c0ea07a6a83e1dfd7fb6f5b16a066774f7
06_figures/figures_png/md_each_rep_single_panel/drugs2263/rep1/contacts_prot_lig_drugs2263_rep1.png	06_figures	111394	a470f8b59f002a140a508fcb1a3b3081abb78c432daab178e560284ceda1299a
06_figures/figures_png/md_each_rep_single_panel/drugs2263/rep1/gyrate_protein_drugs2263_rep1.png	06_figures	109600	afbd02bf1886be27f244aa6c45c22d7fd08ea51891de5fe76ae43868d02b70ad
06_figures/figures_png/md_each_rep_single_panel/drugs2263/rep1/hbond_prot_lig_drugs2263_rep1.png	06_figures	89031	efde0f55e802140d7939d709f169c40a1e9e7f824520fba1dacd896c0a347114
06_figures/figures_png/md_each_rep_single_panel/drugs2263/rep1/mindist_prot_lig_drugs2263_rep1.png	06_figures	117625	36c50fb5de7d59407fb62f84f71bf415e54e72c8efb782bd170e9ad2b7dcc362
06_figures/figures_png/md_each_rep_single_panel/drugs2263/rep1/rmsd_backbone_drugs2263_rep1.png	06_figures	126061	fde677745b9678c4b3f1b20dc8fea053dff3ba88c57e4d23a74cd51977d99670
06_figures/figures_png/md_each_rep_single_panel/drugs2263/rep1/rmsd_ligand_heavy_drugs2263_rep1.png	06_figures	126915	d0313dba5655da983402da8a5c03d3b8588b534a83051e09ac64abe02be7620c
06_figures/figures_png/md_each_rep_single_panel/drugs2263/rep1/rmsf_backbone_residue_drugs2263_rep1.png	06_figures	137077	0a8e4560ff8646fa30e3725f123019613d95c3f5999d0e059e5e93e47f84c3c0
06_figures/figures_png/md_each_rep_single_panel/drugs2263/rep2/contacts_prot_lig_drugs2263_rep2.png	06_figures	116194	41ca62a40fd31fcb658a284bb17d3236f49f0b19fc185c8e3ba8cf96a343c52e
06_figures/figures_png/md_each_rep_single_panel/drugs2263/rep2/gyrate_protein_drugs2263_rep2.png	06_figures	128676	cb1debd31651c58ba53963ce103d8d2535b93865c7f5eed3aec2fc1ad850094b
06_figures/figures_png/md_each_rep_single_panel/drugs2263/rep2/hbond_prot_lig_drugs2263_rep2.png	06_figures	84236	c05d4747a51cb0d47339c4a4fa7f4d5824ee3265343f284475d0970a7349bb47
06_figures/figures_png/md_each_rep_single_panel/drugs2263/rep2/mindist_prot_lig_drugs2263_rep2.png	06_figures	133723	3a6017e0f30003d58f2844b3ee8596fdf977a0d95a8a319ec22f7c3dca10bc2f
06_figures/figures_png/md_each_rep_single_panel/drugs2263/rep2/rmsd_backbone_drugs2263_rep2.png	06_figures	136904	bbf314ed86d260d10071450839a3d5d7cd25933bbd4727a147404b02de3ed144
06_figures/figures_png/md_each_rep_single_panel/drugs2263/rep2/rmsd_ligand_heavy_drugs2263_rep2.png	06_figures	125530	ff4db3cb4738474be9e36a54e3a7ac7ed5792cbcb7de0f5b23055f156f9d7e14
06_figures/figures_png/md_each_rep_single_panel/drugs2263/rep2/rmsf_backbone_residue_drugs2263_rep2.png	06_figures	160698	e92758abb35696a22f35b8e27615d1f437500b2fc11397b6d756ad0c08da97d5
06_figures/figures_png/md_each_rep_single_panel/drugs2263/rep3/contacts_prot_lig_drugs2263_rep3.png	06_figures	113925	8109b0a74e34bb33e438123f4029fa30139590564b2e65b93db6f26ef8b68a8a
06_figures/figures_png/md_each_rep_single_panel/drugs2263/rep3/gyrate_protein_drugs2263_rep3.png	06_figures	131471	f38f26f848543f7adc82dc952396b3c2586be0a0bf431bb41f8457615303e00d
06_figures/figures_png/md_each_rep_single_panel/drugs2263/rep3/hbond_prot_lig_drugs2263_rep3.png	06_figures	86912	1c4e2fbd86af8fd1da99e8226d388cda31ebbc7bc3f6c6e73964dd46d80c3690
06_figures/figures_png/md_each_rep_single_panel/drugs2263/rep3/mindist_prot_lig_drugs2263_rep3.png	06_figures	127604	2a069735fcabb69b0e93608ecf85c311a402c97304308c3a0da956d02f7c131d
06_figures/figures_png/md_each_rep_single_panel/drugs2263/rep3/rmsd_backbone_drugs2263_rep3.png	06_figures	122168	ca9c536ba289937d4a99152d77069955dcfffbf1e41f39e8f4329b8df2c7c00a
06_figures/figures_png/md_each_rep_single_panel/drugs2263/rep3/rmsd_ligand_heavy_drugs2263_rep3.png	06_figures	131186	1ee353b52c2c44445f28f0c3109b9d49cf1050c03d4d9252f0dd97d15c775b72
06_figures/figures_png/md_each_rep_single_panel/drugs2263/rep3/rmsf_backbone_residue_drugs2263_rep3.png	06_figures	148012	b3e7670813ffbff1992e5ab94d30054f9e3802f8842f28573dbf5e190c5fcc0c
06_figures/figures_png/md_each_rep_single_panel/drugs3003/rep1/contacts_prot_lig_drugs3003_rep1.png	06_figures	113321	f38168f97caa74d5e72416d2744291dda5a58d6060f02588fb2f62c771e33681
06_figures/figures_png/md_each_rep_single_panel/drugs3003/rep1/gyrate_protein_drugs3003_rep1.png	06_figures	111429	628c55b5a097bd812ea370dda0fd0e23a2b774657fb91ef068e4aa6e2ae0bd77
06_figures/figures_png/md_each_rep_single_panel/drugs3003/rep1/hbond_prot_lig_drugs3003_rep1.png	06_figures	84315	c44e7c363ee53cbf311ddc9d2dcdf9387198c659527c0c5ff4254d8c9d0aa4b2
06_figures/figures_png/md_each_rep_single_panel/drugs3003/rep1/mindist_prot_lig_drugs3003_rep1.png	06_figures	129379	95f6683f5b4ca1a1b40aac73b8b910e65b4b7bb1db52b46f86c89aaa38a16990
06_figures/figures_png/md_each_rep_single_panel/drugs3003/rep1/rmsd_backbone_drugs3003_rep1.png	06_figures	125680	4b4fc1cc20b298bcd30993ba4a7db2ccc1cb103decd069a411957246e4a6e99c
06_figures/figures_png/md_each_rep_single_panel/drugs3003/rep1/rmsd_ligand_heavy_drugs3003_rep1.png	06_figures	148704	2a9d96d300a8f6a4206ad9c57eb2bb1c6521a5c8937465e336c8c937c64b0c54
06_figures/figures_png/md_each_rep_single_panel/drugs3003/rep1/rmsf_backbone_residue_drugs3003_rep1.png	06_figures	157515	6d8e1e1fa4dbf3404860331b50cbd26eb69fff9996b1d37fe1a8b65337d7c646
06_figures/figures_png/md_each_rep_single_panel/drugs3003/rep2/contacts_prot_lig_drugs3003_rep2.png	06_figures	111814	37084251207700af690baaed47f7905ddb6c73a24422be7833f25211178e24c4
06_figures/figures_png/md_each_rep_single_panel/drugs3003/rep2/gyrate_protein_drugs3003_rep2.png	06_figures	97640	e977a9fc6672182b1a3719ebc6b721d3f606381c7fa0f6a005d9d8741ed94916
06_figures/figures_png/md_each_rep_single_panel/drugs3003/rep2/hbond_prot_lig_drugs3003_rep2.png	06_figures	89502	5dbd76f5faae6f6d97b4e0de078de5776a8df0d06a14c9b2a461c39a8949a9e0
06_figures/figures_png/md_each_rep_single_panel/drugs3003/rep2/mindist_prot_lig_drugs3003_rep2.png	06_figures	133475	0ffe917f1fccf40d2675c87ed69c5942a3163ed50dd4f3d6af41287ccd257ecd
06_figures/figures_png/md_each_rep_single_panel/drugs3003/rep2/rmsd_backbone_drugs3003_rep2.png	06_figures	120773	834c410db2dfbc7dbb4edb6a3e057a7b6ff20ce8ee8e5449605bb91bf72c19f2
06_figures/figures_png/md_each_rep_single_panel/drugs3003/rep2/rmsd_ligand_heavy_drugs3003_rep2.png	06_figures	146511	c5c84fac688a7a618f01203aa6021051fb724b58539ad09a83ec7b1368f46633
06_figures/figures_png/md_each_rep_single_panel/drugs3003/rep2/rmsf_backbone_residue_drugs3003_rep2.png	06_figures	148530	4d8fa42c0191a4492f07b1a9c560e4d8f54f4032521198004260293e9a2eaa6b
06_figures/figures_png/md_each_rep_single_panel/drugs3003/rep3/contacts_prot_lig_drugs3003_rep3.png	06_figures	114993	d041fd4852570fa275290b52f62e7385b545a7382274818613ba15aa3b3c690b
06_figures/figures_png/md_each_rep_single_panel/drugs3003/rep3/gyrate_protein_drugs3003_rep3.png	06_figures	126724	1038e18f3ac5b23df619918756a60e499d53b09feb9ded18cb1931d4209da070
06_figures/figures_png/md_each_rep_single_panel/drugs3003/rep3/hbond_prot_lig_drugs3003_rep3.png	06_figures	92996	c91eb8feb99b6061fe1d2a2fb997bf6c87ef3b8e314caf2190839c21f32a041e
06_figures/figures_png/md_each_rep_single_panel/drugs3003/rep3/mindist_prot_lig_drugs3003_rep3.png	06_figures	117408	e0debc90a95a63c3a0ed2e0edc5072abf603f31c346a015e693e6c66ab25d630
06_figures/figures_png/md_each_rep_single_panel/drugs3003/rep3/rmsd_backbone_drugs3003_rep3.png	06_figures	130079	5ccc4065d4cdf8f7dd3f40a445abe5db37ad7f11331125c66a9d3c057ba18f52
06_figures/figures_png/md_each_rep_single_panel/drugs3003/rep3/rmsd_ligand_heavy_drugs3003_rep3.png	06_figures	145986	979914f283ca6ebf8814d615f3dc8aa5d3e062c51e09e90965184d0eb0f03e36
06_figures/figures_png/md_each_rep_single_panel/drugs3003/rep3/rmsf_backbone_residue_drugs3003_rep3.png	06_figures	154038	e7956bc3fa2067f1e6bafd7e1d415c2068086d01b7d2c7932ea9f19200b48862
06_figures/figures_png/md_each_rep_single_panel/drugs3523/rep1/contacts_prot_lig_drugs3523_rep1.png	06_figures	113152	170f98c55db925d9ba522192cb5e955d9f7839b906be6ccd13668c12c42e8140
06_figures/figures_png/md_each_rep_single_panel/drugs3523/rep1/gyrate_protein_drugs3523_rep1.png	06_figures	128807	8e1fbd0cfc667c01ef265b5a09443e4591f92c9974b6fe7a51b4de0819998519
06_figures/figures_png/md_each_rep_single_panel/drugs3523/rep1/hbond_prot_lig_drugs3523_rep1.png	06_figures	88302	45f20b6c40f4370325ccfa8f8ce377309f9767456a486cec5e5201e2d39f2b49
06_figures/figures_png/md_each_rep_single_panel/drugs3523/rep1/mindist_prot_lig_drugs3523_rep1.png	06_figures	121024	02bf877bdfda70ba03615bf6b9a01c5afa863583eb37935ee854c02d55d18b1a
06_figures/figures_png/md_each_rep_single_panel/drugs3523/rep1/rmsd_backbone_drugs3523_rep1.png	06_figures	131039	8fd4923d3eeed187e638c5807370095fa69c60e16bd724d81db8f45febdbe5cb
06_figures/figures_png/md_each_rep_single_panel/drugs3523/rep1/rmsd_ligand_heavy_drugs3523_rep1.png	06_figures	139180	42bc0f5ca0ecb61b61b14a6caaf955d5912f4cd612d1ef1ff32a4eb0d8b69b8e
06_figures/figures_png/md_each_rep_single_panel/drugs3523/rep1/rmsf_backbone_residue_drugs3523_rep1.png	06_figures	144208	35b67afb5a90f87acf78a9f63cb3d61f5613c4eb68839a7b082540269a5e2e0c
06_figures/figures_png/md_each_rep_single_panel/drugs3523/rep2/contacts_prot_lig_drugs3523_rep2.png	06_figures	113021	ff16265ee6aca700deef59746001678aef986080e1b8999df05a3e0195ce2cb9
06_figures/figures_png/md_each_rep_single_panel/drugs3523/rep2/gyrate_protein_drugs3523_rep2.png	06_figures	127200	7f2fea0cefe20447928de9af7706ffc1bee65ad2a7fa56ac8c5b4ad3b130c54f
06_figures/figures_png/md_each_rep_single_panel/drugs3523/rep2/hbond_prot_lig_drugs3523_rep2.png	06_figures	87235	2b7502d7a3da13d2f46b75a64346962b14c8d13ac453904e2561c1a75c00b77e
06_figures/figures_png/md_each_rep_single_panel/drugs3523/rep2/mindist_prot_lig_drugs3523_rep2.png	06_figures	135438	e0165173fbb155c9d662c5f6a17ae225e70aff96dae94d0a194af2bc1ed29d62
06_figures/figures_png/md_each_rep_single_panel/drugs3523/rep2/rmsd_backbone_drugs3523_rep2.png	06_figures	129876	e77cb4815e07c4d147f1230d8d239d894302b09de03e1c213ac7f9dc8c41134c
06_figures/figures_png/md_each_rep_single_panel/drugs3523/rep2/rmsd_ligand_heavy_drugs3523_rep2.png	06_figures	140283	457ed0c6786f0ed92f28b98229b4b0a6064ee5ff0aa114f3ca4c81d6b66ae366
06_figures/figures_png/md_each_rep_single_panel/drugs3523/rep2/rmsf_backbone_residue_drugs3523_rep2.png	06_figures	158296	dfa09c52cc810063477b56124f2cf7603f5fd1cb8f167341cea37b6f5ef4d8a3
06_figures/figures_png/md_each_rep_single_panel/drugs3523/rep3/contacts_prot_lig_drugs3523_rep3.png	06_figures	111411	99017339524ab370a2659e9971e218c1ebce476e781147dfcd6e142674adf2ba
06_figures/figures_png/md_each_rep_single_panel/drugs3523/rep3/gyrate_protein_drugs3523_rep3.png	06_figures	126606	f90bf1b7378b5292fee7b9a5ca15be6f2b3217e68c4e1778edb59e6106aa03fe
06_figures/figures_png/md_each_rep_single_panel/drugs3523/rep3/hbond_prot_lig_drugs3523_rep3.png	06_figures	83215	b5e3b627d7ba2afa1265e72095cd76993e286855303b9a0252561ba8530b4c92
06_figures/figures_png/md_each_rep_single_panel/drugs3523/rep3/mindist_prot_lig_drugs3523_rep3.png	06_figures	136141	520895974a4d37d2bd259c990ac05537c1b5b42cecc53cc67b088eabcd1a536c
06_figures/figures_png/md_each_rep_single_panel/drugs3523/rep3/rmsd_backbone_drugs3523_rep3.png	06_figures	128798	c859f86dd2fdc52de445f4dcd02b808cbf7bf9cc7e866f355244b416f90010a9
06_figures/figures_png/md_each_rep_single_panel/drugs3523/rep3/rmsd_ligand_heavy_drugs3523_rep3.png	06_figures	139412	a66b6aa4f082628a3475ae86159e382c902c5036f84a5b62130e968d38a70cab
06_figures/figures_png/md_each_rep_single_panel/drugs3523/rep3/rmsf_backbone_residue_drugs3523_rep3.png	06_figures	160227	52312a7308dacdef991b208c37075de9a73bad56a0205b18c592a16752b1003a
06_figures/figures_png/md_three_reps_separate_panels/contacts_prot_lig_drugs2263_three_reps_separate_panels.png	06_figures	225598	0801562ef360e5db1c479617d0c40241231f17359cbde3109386022b70487c7f
06_figures/figures_png/md_three_reps_separate_panels/contacts_prot_lig_drugs3003_three_reps_separate_panels.png	06_figures	232853	6eb46c2c6de56f7fbfbd9b81d856881bfa746e309574e2e3e8ca6087a0fc3a93
06_figures/figures_png/md_three_reps_separate_panels/contacts_prot_lig_drugs3523_three_reps_separate_panels.png	06_figures	236417	37b4e742fcf0d4d9e27e0a58ef20e1092771144c200c0192d40e6ff5ee8d8655
06_figures/figures_png/md_three_reps_separate_panels/gyrate_protein_drugs2263_three_reps_separate_panels.png	06_figures	262379	6afc9fe3f9bc1dea10e932c8739627fe10a42c2ff09c26d6d14956dcb4769e99
06_figures/figures_png/md_three_reps_separate_panels/gyrate_protein_drugs3003_three_reps_separate_panels.png	06_figures	239603	18696be6dda6e933b93b23c5cf9683b90e146fb3e4ea3fb28b6886537338a626
06_figures/figures_png/md_three_reps_separate_panels/gyrate_protein_drugs3523_three_reps_separate_panels.png	06_figures	242166	c5493c78265fe57e5bd8311c2fb2074ee66a1e8f29140462b0645852d74595a9
06_figures/figures_png/md_three_reps_separate_panels/hbond_prot_lig_drugs2263_three_reps_separate_panels.png	06_figures	173048	118f5fbba58ee2667d225f71d9c683851e44e576f4d2a0bd5bd6c7f03c34c7c0
06_figures/figures_png/md_three_reps_separate_panels/hbond_prot_lig_drugs3003_three_reps_separate_panels.png	06_figures	191329	607a599bb5ddc023a36393042345fc844e37e3433ea96a77d4300358bd12e678
06_figures/figures_png/md_three_reps_separate_panels/hbond_prot_lig_drugs3523_three_reps_separate_panels.png	06_figures	179559	c0126427e58101f802a4184664718748b2f5d2bff7703f00f356ef6e0706368e
06_figures/figures_png/md_three_reps_separate_panels/mindist_prot_lig_drugs2263_three_reps_separate_panels.png	06_figures	241485	11606202fac89b1c8a9c4972af2c203d7992a3da5dc7fb2917ffc0ae7129e5f7
06_figures/figures_png/md_three_reps_separate_panels/mindist_prot_lig_drugs3003_three_reps_separate_panels.png	06_figures	243733	e05515a9219a92b28898639f7f41aac62f65e17c75bd8121e621654ed6e44bd0
06_figures/figures_png/md_three_reps_separate_panels/mindist_prot_lig_drugs3523_three_reps_separate_panels.png	06_figures	254700	1a80cc85747302803ecfb8dabd6230c70c6d48ee9c12a9fcd8410b63118ada91
06_figures/figures_png/md_three_reps_separate_panels/rmsd_backbone_drugs2263_three_reps_separate_panels.png	06_figures	240830	65dcce2ea3ab6a3801c0ed073e591c9e55f7161a03643cc52f29398b57a2c9cf
06_figures/figures_png/md_three_reps_separate_panels/rmsd_backbone_drugs3003_three_reps_separate_panels.png	06_figures	228604	83ce1e6a1ac4d3498d9d3154874e98a86d06d55ece7bb04310a4768913f0f95e
06_figures/figures_png/md_three_reps_separate_panels/rmsd_backbone_drugs3523_three_reps_separate_panels.png	06_figures	251963	62a44d77eef4083c7968d46e7c68d7bad51035d06b5ed7371d7f81d9409fe7e0
06_figures/figures_png/md_three_reps_separate_panels/rmsd_ligand_heavy_drugs2263_three_reps_separate_panels.png	06_figures	263357	026884ab90f5c74f7264883e59f5952cf085eca752b18b87598e3f3218ac09c0
06_figures/figures_png/md_three_reps_separate_panels/rmsd_ligand_heavy_drugs3003_three_reps_separate_panels.png	06_figures	314100	f3a7c7089d35a1b2ed4845028c94cca1345716ed39ce7421c352ca0fd81d5c1f
06_figures/figures_png/md_three_reps_separate_panels/rmsd_ligand_heavy_drugs3523_three_reps_separate_panels.png	06_figures	268277	a430b97f5136e21cf692a71261c33fab6ef772466c805882ba2c7a32a1effc06
06_figures/figures_png/md_three_reps_separate_panels/rmsf_backbone_residue_drugs2263_three_reps_separate_panels.png	06_figures	295368	b0ca11f27b455e219a6fbe04a69ec849f3d69872d5258fbb6357e6c6045ec934
06_figures/figures_png/md_three_reps_separate_panels/rmsf_backbone_residue_drugs3003_three_reps_separate_panels.png	06_figures	298779	f0487cfd7a23b3279bba868959a3def4f1c3db06be574fe66c1659c2345b48fe
06_figures/figures_png/md_three_reps_separate_panels/rmsf_backbone_residue_drugs3523_three_reps_separate_panels.png	06_figures	304287	a88672dd4821e039034d70b433398590df39542afef2b90cacd5c836ea18c500
06_figures/figures_svg/md_each_rep_single_panel/drugs2263/rep1/contacts_prot_lig_drugs2263_rep1.svg	06_figures	109098	51bd2250e0b6b4f1d4853e10da0c9e99922fec0e0b99a83055ce2c9990e1e227
06_figures/figures_svg/md_each_rep_single_panel/drugs2263/rep1/gyrate_protein_drugs2263_rep1.svg	06_figures	98902	fad2d79ec04fdab34a52733f6f04e7adf4edd6aa0a6ae50e34147c81e71e949e
06_figures/figures_svg/md_each_rep_single_panel/drugs2263/rep1/hbond_prot_lig_drugs2263_rep1.svg	06_figures	94067	d6cf95e4070713f49cf81fea5c6bf4cb46339ec2de16bec02ff1c84d2fbe4749
06_figures/figures_svg/md_each_rep_single_panel/drugs2263/rep1/mindist_prot_lig_drugs2263_rep1.svg	06_figures	111842	c5bf511a77f9320cb4687f41d7f695e401dad79315b851c7c5009a6d96d5aa1d
06_figures/figures_svg/md_each_rep_single_panel/drugs2263/rep1/rmsd_backbone_drugs2263_rep1.svg	06_figures	100142	3f9963c60484fae60eab6a91f1aff23b7e2ced07838c440bf6d1ea817913878b
06_figures/figures_svg/md_each_rep_single_panel/drugs2263/rep1/rmsd_ligand_heavy_drugs2263_rep1.svg	06_figures	95969	e6c544d0321bdfe193461de4be1918de82e3d0695640ee35966673e8aa78858b
06_figures/figures_svg/md_each_rep_single_panel/drugs2263/rep1/rmsf_backbone_residue_drugs2263_rep1.svg	06_figures	27105	9a08f90a1896b0b49b79347c045b558b8d9fb90d6076c581700ee949c5394c01
06_figures/figures_svg/md_each_rep_single_panel/drugs2263/rep2/contacts_prot_lig_drugs2263_rep2.svg	06_figures	108616	f659ae4e9bc7f1af9866eac46f7e41311eb32999fab3b671c736e6d6d2bc690b
06_figures/figures_svg/md_each_rep_single_panel/drugs2263/rep2/gyrate_protein_drugs2263_rep2.svg	06_figures	94030	a24743b06ac6fd0a84f693bfc360015497f6ca692c4216f240dcb4c70f8d2271
06_figures/figures_svg/md_each_rep_single_panel/drugs2263/rep2/hbond_prot_lig_drugs2263_rep2.svg	06_figures	79529	8ea611b4ca7d54e41ca47d8a174b5aba460061fcb6d5ea8701261d09a27fc05e
06_figures/figures_svg/md_each_rep_single_panel/drugs2263/rep2/mindist_prot_lig_drugs2263_rep2.svg	06_figures	114229	9bc2b838a6a41ed8533cf6f2d24c192e2ff52ce9ea6ebcbf9ff15b5c1096eaea
06_figures/figures_svg/md_each_rep_single_panel/drugs2263/rep2/rmsd_backbone_drugs2263_rep2.svg	06_figures	94153	b88b4182c4cb1dfd76c901236ace33676d87cd79541b7637fc70fcb88adf2338
06_figures/figures_svg/md_each_rep_single_panel/drugs2263/rep2/rmsd_ligand_heavy_drugs2263_rep2.svg	06_figures	97494	1c52a92ae3b1b7542675c448a048ee5aea9c71b575657574eff1bcb56faa75a6
06_figures/figures_svg/md_each_rep_single_panel/drugs2263/rep2/rmsf_backbone_residue_drugs2263_rep2.svg	06_figures	31170	298a1a68b6ab6914be1b824750af9e052d88e8629d5a390295fe32e879e8a32b
06_figures/figures_svg/md_each_rep_single_panel/drugs2263/rep3/contacts_prot_lig_drugs2263_rep3.svg	06_figures	112424	361005bc19e91f5d0ac6ed47f011ab82eaba6519f3a3c48e9007a74efe29027d
06_figures/figures_svg/md_each_rep_single_panel/drugs2263/rep3/gyrate_protein_drugs2263_rep3.svg	06_figures	95887	47ecad8a2b9b4bb8efede1068d5cbbb925f78cb6e795118a270e64f5d21cbdb0
06_figures/figures_svg/md_each_rep_single_panel/drugs2263/rep3/hbond_prot_lig_drugs2263_rep3.svg	06_figures	76406	7dc549b5394b882512b88ecb9bf37d8ccb108a32361449282f081c53b5557034
06_figures/figures_svg/md_each_rep_single_panel/drugs2263/rep3/mindist_prot_lig_drugs2263_rep3.svg	06_figures	114224	7b23b769c6e239c09ec82caf8db28010bbce8ec7cfa639309a2f89179b22ab1c
06_figures/figures_svg/md_each_rep_single_panel/drugs2263/rep3/rmsd_backbone_drugs2263_rep3.svg	06_figures	100600	d13f9a3c92065a166b06cf3580c6a00b820a69fcec4ae07258298372f8c4d91a
06_figures/figures_svg/md_each_rep_single_panel/drugs2263/rep3/rmsd_ligand_heavy_drugs2263_rep3.svg	06_figures	100183	02e5d07aa88fe2b20d7aec1762c5bcb5c3e31f205c1c0ccb71d5a46c491964ac
06_figures/figures_svg/md_each_rep_single_panel/drugs2263/rep3/rmsf_backbone_residue_drugs2263_rep3.svg	06_figures	32322	a5a224ee67befef355223d6fa61fa7be1310ce94d21e4253b91cce3479a3da96
06_figures/figures_svg/md_each_rep_single_panel/drugs3003/rep1/contacts_prot_lig_drugs3003_rep1.svg	06_figures	112211	86bf3515a6860c445d47b1ede2fbb1ad52303bda8ac9d53f267188e7f25e1810
06_figures/figures_svg/md_each_rep_single_panel/drugs3003/rep1/gyrate_protein_drugs3003_rep1.svg	06_figures	98490	7787926cbd039b284073bed89a6156e42ada84fbc57adabd79514871b8e20b38
06_figures/figures_svg/md_each_rep_single_panel/drugs3003/rep1/hbond_prot_lig_drugs3003_rep1.svg	06_figures	85588	a3394a41523f10ea38c9577f2db2855e3fa40afbeb751db3c9dddc17037a6395
06_figures/figures_svg/md_each_rep_single_panel/drugs3003/rep1/mindist_prot_lig_drugs3003_rep1.svg	06_figures	115641	98c6d619b763830230ed2874a0af7e00780eca3c0b089eaf3a89391a37bc5da0
06_figures/figures_svg/md_each_rep_single_panel/drugs3003/rep1/rmsd_backbone_drugs3003_rep1.svg	06_figures	96720	3dfdad0c2305d03ea90b49ce5e8d5524a114c307133ee540c6dd28a70e63e268
06_figures/figures_svg/md_each_rep_single_panel/drugs3003/rep1/rmsd_ligand_heavy_drugs3003_rep1.svg	06_figures	97920	b06e10b13a178ba0f1d4add75a376987fc5b6a383d7759d7c1bbd2b7b85d1d6f
06_figures/figures_svg/md_each_rep_single_panel/drugs3003/rep1/rmsf_backbone_residue_drugs3003_rep1.svg	06_figures	30837	9063eee85001035c82478fd9d5c58fc09561d23e590cb3f2740efffda84bd81d
06_figures/figures_svg/md_each_rep_single_panel/drugs3003/rep2/contacts_prot_lig_drugs3003_rep2.svg	06_figures	107861	8b8d268af06f790cb320b68e3ec78b0fac4bcc8143942e9f556c5f126377b438
06_figures/figures_svg/md_each_rep_single_panel/drugs3003/rep2/gyrate_protein_drugs3003_rep2.svg	06_figures	103442	7768f4a261ceaad1f06d2d025e49cf33dd22c4600a1d3fb991865afd66db7291
06_figures/figures_svg/md_each_rep_single_panel/drugs3003/rep2/hbond_prot_lig_drugs3003_rep2.svg	06_figures	74355	1819df0d3449de0220f28cb8f4eced4ae970517bae0dac24a342ff229d003faf
06_figures/figures_svg/md_each_rep_single_panel/drugs3003/rep2/mindist_prot_lig_drugs3003_rep2.svg	06_figures	114440	b12b7a33c75bdd842e6f1f0e391fdb0c9f879cdef832d7c5a2f99808468e15b4
06_figures/figures_svg/md_each_rep_single_panel/drugs3003/rep2/rmsd_backbone_drugs3003_rep2.svg	06_figures	105175	91ad687e905298aedc218fefbae62c6207f78ae1140a5bf43b32800831538d80
06_figures/figures_svg/md_each_rep_single_panel/drugs3003/rep2/rmsd_ligand_heavy_drugs3003_rep2.svg	06_figures	96012	10b6978083e537cd854767d76bec22d0060a4db2def19486110d018c400ad015
06_figures/figures_svg/md_each_rep_single_panel/drugs3003/rep2/rmsf_backbone_residue_drugs3003_rep2.svg	06_figures	30515	26e17c47fd27c9685757f00ea41310009ed930a0b86964d3077ae9e965855488
06_figures/figures_svg/md_each_rep_single_panel/drugs3003/rep3/contacts_prot_lig_drugs3003_rep3.svg	06_figures	109946	43a807ee39a70912ba062f4912f30f611818040017a6367c9359b26abb6a4311
06_figures/figures_svg/md_each_rep_single_panel/drugs3003/rep3/gyrate_protein_drugs3003_rep3.svg	06_figures	99824	cf3a6807bed310671085c19cb255fe7d91536db7ded93d4130b69bef7698ca9b
06_figures/figures_svg/md_each_rep_single_panel/drugs3003/rep3/hbond_prot_lig_drugs3003_rep3.svg	06_figures	61263	0be32c0f07fa66217491fa331a4d8ef552fca3599a73a6d3baf24453f427ae8a
06_figures/figures_svg/md_each_rep_single_panel/drugs3003/rep3/mindist_prot_lig_drugs3003_rep3.svg	06_figures	109976	27d6ca8f784f2c974a72c9f0d43276e3c1a61114b6ce46d44377e544eb4e211b
06_figures/figures_svg/md_each_rep_single_panel/drugs3003/rep3/rmsd_backbone_drugs3003_rep3.svg	06_figures	96107	260e9377bd02f1f0f5eb574820bd8fc4f1abd01f5f9e0cf83bd5075820dcf5c8
06_figures/figures_svg/md_each_rep_single_panel/drugs3003/rep3/rmsd_ligand_heavy_drugs3003_rep3.svg	06_figures	97069	9774ae0edfcfe4bae2308ee300ec53a42723cd024941b15fb492ebff20bb9f94
06_figures/figures_svg/md_each_rep_single_panel/drugs3003/rep3/rmsf_backbone_residue_drugs3003_rep3.svg	06_figures	31208	89d4c159ee9dea30234e09682a87ca3ced30f65a331e6f173197b9bdb5ce3926
06_figures/figures_svg/md_each_rep_single_panel/drugs3523/rep1/contacts_prot_lig_drugs3523_rep1.svg	06_figures	110281	3c6e66826ab71046634268b660351d6061c3bc0726239f850e5c37e43ede7762
06_figures/figures_svg/md_each_rep_single_panel/drugs3523/rep1/gyrate_protein_drugs3523_rep1.svg	06_figures	97804	a2b16be9af3ffe3cbe6a62528b330df016aad6788807304a2de8497b7da50796
06_figures/figures_svg/md_each_rep_single_panel/drugs3523/rep1/hbond_prot_lig_drugs3523_rep1.svg	06_figures	64298	c0c95023ce2be73ae338f0b36d70b013d2cfb27ca6ed2104e269535fba0228a3
06_figures/figures_svg/md_each_rep_single_panel/drugs3523/rep1/mindist_prot_lig_drugs3523_rep1.svg	06_figures	110405	d9c2a4198725373120a830b07c5cbda6af523a35da2838bfda16c616448d3d10
06_figures/figures_svg/md_each_rep_single_panel/drugs3523/rep1/rmsd_backbone_drugs3523_rep1.svg	06_figures	96397	f06d791da1f84470e39b04b127e836fb1121da75235bc49b69c77fa297ee27ec
06_figures/figures_svg/md_each_rep_single_panel/drugs3523/rep1/rmsd_ligand_heavy_drugs3523_rep1.svg	06_figures	101502	1fa06f688e63dc22e0d9551e15ab30f09f3be402dd18d4c465679a160f316dab
06_figures/figures_svg/md_each_rep_single_panel/drugs3523/rep1/rmsf_backbone_residue_drugs3523_rep1.svg	06_figures	30541	0b9ef3dc2b1f5f91e528209ea02f4729a74de7fb05b0c9aa943e5521d2d223b1
06_figures/figures_svg/md_each_rep_single_panel/drugs3523/rep2/contacts_prot_lig_drugs3523_rep2.svg	06_figures	113718	0399ca7c9540bf9c33703e2efe2978d99e1ebed03f64549b24cc9b5052f0f639
06_figures/figures_svg/md_each_rep_single_panel/drugs3523/rep2/gyrate_protein_drugs3523_rep2.svg	06_figures	99371	58344c0df64a95b78c4217dceddfe28d1751dc3d5fc4542b872f42c3304df897
06_figures/figures_svg/md_each_rep_single_panel/drugs3523/rep2/hbond_prot_lig_drugs3523_rep2.svg	06_figures	70616	2b87f7fdc2e34982a00c29ea3b180a85f0e6f6adb5b0838c83f12197db137540
06_figures/figures_svg/md_each_rep_single_panel/drugs3523/rep2/mindist_prot_lig_drugs3523_rep2.svg	06_figures	115538	760b0b134fd352d9e7468fd347de3fef817019e5ee14a0ada74848ba78f82006
06_figures/figures_svg/md_each_rep_single_panel/drugs3523/rep2/rmsd_backbone_drugs3523_rep2.svg	06_figures	97843	7412a04bb16cfc2cd240481febd1ba6a29bc8dfd9b74ff4a963bc635fbc905c7
06_figures/figures_svg/md_each_rep_single_panel/drugs3523/rep2/rmsd_ligand_heavy_drugs3523_rep2.svg	06_figures	102116	a08986b4605dd477b212f73d63a3060a37401488b527db9dcef9db8a9f428d12
06_figures/figures_svg/md_each_rep_single_panel/drugs3523/rep2/rmsf_backbone_residue_drugs3523_rep2.svg	06_figures	31780	2b7421dc9c1ddb8aa2dfdb807034739f68fb4ad1a81e116be2d326f60dacfd9c
06_figures/figures_svg/md_each_rep_single_panel/drugs3523/rep3/contacts_prot_lig_drugs3523_rep3.svg	06_figures	111443	d5f36a8ff223d9d85c92fb5f71b378a2cdc3d1c56d8c242a377918017f662196
06_figures/figures_svg/md_each_rep_single_panel/drugs3523/rep3/gyrate_protein_drugs3523_rep3.svg	06_figures	103243	6cbe066ed5cb1c01fe6b31ebf2e7d608a541ad5af898a26287ff9135498681be
06_figures/figures_svg/md_each_rep_single_panel/drugs3523/rep3/hbond_prot_lig_drugs3523_rep3.svg	06_figures	83584	f20b786401b0689b0d54987fefdbbb444c29894524440b3e956384317e455c65
06_figures/figures_svg/md_each_rep_single_panel/drugs3523/rep3/mindist_prot_lig_drugs3523_rep3.svg	06_figures	112877	09bc021d8c4646ea49aaa729f0bf2a2a8e9e2da84235a961906497a228a32962
06_figures/figures_svg/md_each_rep_single_panel/drugs3523/rep3/rmsd_backbone_drugs3523_rep3.svg	06_figures	97426	c0460a3ba9edc9ce5f83941358725e93024a4ce6a06ffcf4e748e99a81fac78c
06_figures/figures_svg/md_each_rep_single_panel/drugs3523/rep3/rmsd_ligand_heavy_drugs3523_rep3.svg	06_figures	101186	fb7cd1ed73162f76b71ea8fa4029d43597da5542381a12db853e551b58063ade
06_figures/figures_svg/md_each_rep_single_panel/drugs3523/rep3/rmsf_backbone_residue_drugs3523_rep3.svg	06_figures	30323	a7a4d3e0362fc2326f501468e52d99600a8d771a39fb15935c575d359cb9aeb9
06_figures/figures_svg/md_three_reps_separate_panels/contacts_prot_lig_drugs2263_three_reps_separate_panels.svg	06_figures	254520	87b40b0f9d1c8a6cf73f5d52c01da4bfc82a986882a458dcc3cff9152235a736
06_figures/figures_svg/md_three_reps_separate_panels/contacts_prot_lig_drugs3003_three_reps_separate_panels.svg	06_figures	258341	5af1b372ff96a0a4c380edc375ac2c1b0db4f88ad1d5d489289425a01644067a
06_figures/figures_svg/md_three_reps_separate_panels/contacts_prot_lig_drugs3523_three_reps_separate_panels.svg	06_figures	265819	17927687fadfba0a4e42f4974d3651df7ae791946e290f065de8d7efd4dc5720
06_figures/figures_svg/md_three_reps_separate_panels/gyrate_protein_drugs2263_three_reps_separate_panels.svg	06_figures	232750	331451cc805a6f0e24650ec6f8bfa39e821a05835aac22cbd9c3dffbc8f15168
06_figures/figures_svg/md_three_reps_separate_panels/gyrate_protein_drugs3003_three_reps_separate_panels.svg	06_figures	241829	d53535d599009431b9203f08f41b65ccb90991e50ba5adaf35a86256a9bf6215
06_figures/figures_svg/md_three_reps_separate_panels/gyrate_protein_drugs3523_three_reps_separate_panels.svg	06_figures	238155	68e07d16710e8e151569162e5da25d672490883ff9b21c3b079c6f8295196350
06_figures/figures_svg/md_three_reps_separate_panels/hbond_prot_lig_drugs2263_three_reps_separate_panels.svg	06_figures	192806	e23370b645c5cd2f3c2d0879795f78e884b164e013b5734fcab16c9b8ab0932b
06_figures/figures_svg/md_three_reps_separate_panels/hbond_prot_lig_drugs3003_three_reps_separate_panels.svg	06_figures	168095	1f82a1fbe1cc5018b3ff4d8aad152b01bcf0be339609c3d1f3b32cb11d639b1c
06_figures/figures_svg/md_three_reps_separate_panels/hbond_prot_lig_drugs3523_three_reps_separate_panels.svg	06_figures	166077	242107a06fe8ddf957ad400373a9869f6d7806eaa595e6f177770dc3b394e671
06_figures/figures_svg/md_three_reps_separate_panels/mindist_prot_lig_drugs2263_three_reps_separate_panels.svg	06_figures	264709	bfd3a42537cd8f0136fbf381f7a283d0a6879e90c32a3e17331e469fd0b13af6
06_figures/figures_svg/md_three_reps_separate_panels/mindist_prot_lig_drugs3003_three_reps_separate_panels.svg	06_figures	260884	03cc8f8c84fd15466e1c7cd0a804238da1010d6007edec80b7b00b04a8bd1912
06_figures/figures_svg/md_three_reps_separate_panels/mindist_prot_lig_drugs3523_three_reps_separate_panels.svg	06_figures	254752	86f8f0e090a0e30b054b75383125c3c06d3a1fe416c30784d7708e785ce46f8f
06_figures/figures_svg/md_three_reps_separate_panels/rmsd_backbone_drugs2263_three_reps_separate_panels.svg	06_figures	227333	78c5a974a90eb340974217ea6ba79f5ca0bc466e52b3f40dcb4ea9b06ed0f665
06_figures/figures_svg/md_three_reps_separate_panels/rmsd_backbone_drugs3003_three_reps_separate_panels.svg	06_figures	222035	75073a94a62b3c6bd9449dd91f58f748c2acacfbf6a1d0a3fb2c1e4418ee0b0e
06_figures/figures_svg/md_three_reps_separate_panels/rmsd_backbone_drugs3523_three_reps_separate_panels.svg	06_figures	223708	429da52a9075f5d35161044f3c2611aae25c96efda20c7c4572c574e296f5b25
06_figures/figures_svg/md_three_reps_separate_panels/rmsd_ligand_heavy_drugs2263_three_reps_separate_panels.svg	06_figures	232602	7c60cd81e91d7873edc47ffecc22324a70732d7391435c5fc0639d377d201d5d
06_figures/figures_svg/md_three_reps_separate_panels/rmsd_ligand_heavy_drugs3003_three_reps_separate_panels.svg	06_figures	230163	c118227c96b350971b6aa4d765d0c11d0e9033af4672eec6f083dda3a4226f8a
06_figures/figures_svg/md_three_reps_separate_panels/rmsd_ligand_heavy_drugs3523_three_reps_separate_panels.svg	06_figures	230885	04151fcd63ee7ca62e1237ba0b445f3d1e5d5860000dab9bdce4bdbfc14ab8d4
06_figures/figures_svg/md_three_reps_separate_panels/rmsf_backbone_residue_drugs2263_three_reps_separate_panels.svg	06_figures	49828	86eb2435ae3dc414a679f8e9bf92b89516f23f00be4917770a6527f170101058
06_figures/figures_svg/md_three_reps_separate_panels/rmsf_backbone_residue_drugs3003_three_reps_separate_panels.svg	06_figures	51756	648b09c9226eae5d626ab5e4382b8d9911c28c18a008ea237e3ff502b31d1153
06_figures/figures_svg/md_three_reps_separate_panels/rmsf_backbone_residue_drugs3523_three_reps_separate_panels.svg	06_figures	50634	ed55ff5f29a979c0fec4ccd6f44dcc109d75e592a12b93fb2c8ca0e918bce38c
07_quality_control/34_check_gromacs_analysis_backup.sh	07_quality_control	3939	7f864fcb9f6437e2b61e6ef84cd07f928429146377d029918ef1e0ef98cc1775
07_quality_control/gromacs_analysis_backup_integrity_check.txt	07_quality_control	48148	e2345904eb037d8030668e10718f1fa7a9c618eeb50b89dd81b092b9b31da388
99_original_manifest_sanitized/GROMACS_ANALYSIS_FILE_LIST.txt	99_original_manifest_sanitized	65960	6c85c04d34ec9d1df1f5703e9589ad8bfcef200aaa23d834ec49055c4043642b
99_original_manifest_sanitized/GROMACS_ANALYSIS_SHA256SUMS.txt	99_original_manifest_sanitized	122437	7a81147b7f6963a3c8228b890589c9af6c943c203c9ef5683084a8757625c2b5
99_original_manifest_sanitized/GROMACS_ANALYSIS_SIZE_REPORT.txt	99_original_manifest_sanitized	77709	480b71c30f90bc82a9b44de9fec9ff78449f5a8885ab0580d6cf793323fbf7d2
EXCLUDED_RAW_FILES.txt	EXCLUDED_RAW_FILES.txt	599	5e70d1aeedfd8b37e93d6d020ccca5174cbc1a4a0ae2e0903d9f9af7ef0cdbc6
METHODS_MD.md	METHODS_MD.md	6146	01b58d7e00b6ebe917fd82c36f0b1f16e1d5b1335e00303c9a61b673d53623d6
PUBLIC_RELEASE_AUDIT.md	PUBLIC_RELEASE_AUDIT.md	1785	f1841e5a79db1c86de92f506f66741459472aded696f0aa97f01135e4fec5ef9
README.md	README.md	4266	ac34a520ee2720ed65af04eaef09b386c6c6d30bca69d6bd88f142fe0e6da8ca
SENSITIVE_DATA_REMOVAL.md	SENSITIVE_DATA_REMOVAL.md	2177	1f0d6f79e03fc53424e92869a43905c90625daddfb6b292d5b91bddd9297c7e2
