metric,system,rep,x,y
rmsf_backbone_residue,drugs2263,rep1,1.0,1.9646
rmsf_backbone_residue,drugs2263,rep1,2.0,1.8175
rmsf_backbone_residue,drugs2263,rep1,3.0,1.6452
rmsf_backbone_residue,drugs2263,rep1,4.0,1.5649
rmsf_backbone_residue,drugs2263,rep1,5.0,1.4896
rmsf_backbone_residue,drugs2263,rep1,6.0,1.4592
rmsf_backbone_residue,drugs2263,rep1,7.0,1.4703
rmsf_backbone_residue,drugs2263,rep1,8.0,1.4821
rmsf_backbone_residue,drugs2263,rep1,9.0,1.5001
rmsf_backbone_residue,drugs2263,rep1,10.0,1.4971
rmsf_backbone_residue,drugs2263,rep1,11.0,1.6195
rmsf_backbone_residue,drugs2263,rep1,12.0,1.6994
rmsf_backbone_residue,drugs2263,rep1,13.0,1.7581
rmsf_backbone_residue,drugs2263,rep1,14.0,1.8119
rmsf_backbone_residue,drugs2263,rep1,15.0,1.7795
rmsf_backbone_residue,drugs2263,rep1,16.0,1.727
rmsf_backbone_residue,drugs2263,rep1,17.0,1.7856
rmsf_backbone_residue,drugs2263,rep1,18.0,1.7965
rmsf_backbone_residue,drugs2263,rep1,19.0,1.7634
rmsf_backbone_residue,drugs2263,rep1,20.0,1.8276
rmsf_backbone_residue,drugs2263,rep1,21.0,1.9492
rmsf_backbone_residue,drugs2263,rep1,22.0,2.0114
rmsf_backbone_residue,drugs2263,rep1,23.0,1.7686
rmsf_backbone_residue,drugs2263,rep1,24.0,1.5934
rmsf_backbone_residue,drugs2263,rep1,25.0,1.4294
rmsf_backbone_residue,drugs2263,rep1,26.0,1.3539
rmsf_backbone_residue,drugs2263,rep1,27.0,1.3048
rmsf_backbone_residue,drugs2263,rep1,28.0,1.176
rmsf_backbone_residue,drugs2263,rep1,29.0,1.0614
rmsf_backbone_residue,drugs2263,rep1,30.0,1.0589
rmsf_backbone_residue,drugs2263,rep1,31.0,0.924
rmsf_backbone_residue,drugs2263,rep1,32.0,0.8428
rmsf_backbone_residue,drugs2263,rep1,33.0,0.893
rmsf_backbone_residue,drugs2263,rep1,34.0,0.8875
rmsf_backbone_residue,drugs2263,rep1,35.0,0.7781
rmsf_backbone_residue,drugs2263,rep1,36.0,0.7535
rmsf_backbone_residue,drugs2263,rep1,37.0,0.802
rmsf_backbone_residue,drugs2263,rep1,38.0,0.8117
rmsf_backbone_residue,drugs2263,rep1,39.0,0.7564
rmsf_backbone_residue,drugs2263,rep1,40.0,0.7409
rmsf_backbone_residue,drugs2263,rep1,41.0,0.8151
rmsf_backbone_residue,drugs2263,rep1,42.0,0.8578
rmsf_backbone_residue,drugs2263,rep1,43.0,0.8079
rmsf_backbone_residue,drugs2263,rep1,44.0,0.7993
rmsf_backbone_residue,drugs2263,rep1,45.0,0.9257
rmsf_backbone_residue,drugs2263,rep1,46.0,0.975
rmsf_backbone_residue,drugs2263,rep1,47.0,0.8933
rmsf_backbone_residue,drugs2263,rep1,48.0,0.9497
rmsf_backbone_residue,drugs2263,rep1,49.0,1.1087
rmsf_backbone_residue,drugs2263,rep1,50.0,1.0946
rmsf_backbone_residue,drugs2263,rep1,51.0,1.0134
rmsf_backbone_residue,drugs2263,rep1,52.0,1.1549
rmsf_backbone_residue,drugs2263,rep1,53.0,1.295
rmsf_backbone_residue,drugs2263,rep1,54.0,1.1756
rmsf_backbone_residue,drugs2263,rep1,55.0,1.0314
rmsf_backbone_residue,drugs2263,rep1,56.0,1.0274
rmsf_backbone_residue,drugs2263,rep1,57.0,1.0547
rmsf_backbone_residue,drugs2263,rep1,58.0,0.9245
rmsf_backbone_residue,drugs2263,rep1,59.0,0.8131
rmsf_backbone_residue,drugs2263,rep1,60.0,0.8629
rmsf_backbone_residue,drugs2263,rep1,61.0,0.8363
rmsf_backbone_residue,drugs2263,rep1,62.0,0.6783
rmsf_backbone_residue,drugs2263,rep1,63.0,0.6341
rmsf_backbone_residue,drugs2263,rep1,64.0,0.6841
rmsf_backbone_residue,drugs2263,rep1,65.0,0.5987
rmsf_backbone_residue,drugs2263,rep1,66.0,0.448
rmsf_backbone_residue,drugs2263,rep1,67.0,0.4716
rmsf_backbone_residue,drugs2263,rep1,68.0,0.4988
rmsf_backbone_residue,drugs2263,rep1,69.0,0.3838
rmsf_backbone_residue,drugs2263,rep1,70.0,0.2932
rmsf_backbone_residue,drugs2263,rep1,71.0,0.3685
rmsf_backbone_residue,drugs2263,rep1,72.0,0.3954
rmsf_backbone_residue,drugs2263,rep1,73.0,0.3097
rmsf_backbone_residue,drugs2263,rep1,74.0,0.2869
rmsf_backbone_residue,drugs2263,rep1,75.0,0.3701
rmsf_backbone_residue,drugs2263,rep1,76.0,0.4333
rmsf_backbone_residue,drugs2263,rep1,77.0,0.4168
rmsf_backbone_residue,drugs2263,rep1,78.0,0.4267
rmsf_backbone_residue,drugs2263,rep1,79.0,0.5453
rmsf_backbone_residue,drugs2263,rep1,80.0,0.6316
rmsf_backbone_residue,drugs2263,rep1,81.0,0.6268
rmsf_backbone_residue,drugs2263,rep1,82.0,0.6758
rmsf_backbone_residue,drugs2263,rep1,83.0,0.8383
rmsf_backbone_residue,drugs2263,rep1,84.0,1.0513
rmsf_backbone_residue,drugs2263,rep1,85.0,1.1118
rmsf_backbone_residue,drugs2263,rep1,86.0,1.1573
rmsf_backbone_residue,drugs2263,rep1,87.0,1.1248
rmsf_backbone_residue,drugs2263,rep1,88.0,1.1504
rmsf_backbone_residue,drugs2263,rep1,89.0,1.129
rmsf_backbone_residue,drugs2263,rep1,90.0,1.2362
rmsf_backbone_residue,drugs2263,rep1,91.0,1.1079
rmsf_backbone_residue,drugs2263,rep1,92.0,0.9444
rmsf_backbone_residue,drugs2263,rep1,93.0,0.7562
rmsf_backbone_residue,drugs2263,rep1,94.0,0.6696
rmsf_backbone_residue,drugs2263,rep1,95.0,0.6737
rmsf_backbone_residue,drugs2263,rep1,96.0,0.655
rmsf_backbone_residue,drugs2263,rep1,97.0,0.7964
rmsf_backbone_residue,drugs2263,rep1,98.0,0.7718
rmsf_backbone_residue,drugs2263,rep1,99.0,0.8134
rmsf_backbone_residue,drugs2263,rep1,100.0,0.6841
rmsf_backbone_residue,drugs2263,rep1,101.0,0.5885
rmsf_backbone_residue,drugs2263,rep1,102.0,0.4957
rmsf_backbone_residue,drugs2263,rep1,103.0,0.4866
rmsf_backbone_residue,drugs2263,rep1,104.0,0.5755
rmsf_backbone_residue,drugs2263,rep1,105.0,0.6565
rmsf_backbone_residue,drugs2263,rep1,106.0,0.7965
rmsf_backbone_residue,drugs2263,rep1,107.0,0.8539
rmsf_backbone_residue,drugs2263,rep1,108.0,0.7223
rmsf_backbone_residue,drugs2263,rep1,109.0,0.6539
rmsf_backbone_residue,drugs2263,rep1,110.0,0.5206
rmsf_backbone_residue,drugs2263,rep1,111.0,0.5252
rmsf_backbone_residue,drugs2263,rep1,112.0,0.4589
rmsf_backbone_residue,drugs2263,rep1,113.0,0.5013
rmsf_backbone_residue,drugs2263,rep1,114.0,0.5485
rmsf_backbone_residue,drugs2263,rep1,115.0,0.6479
rmsf_backbone_residue,drugs2263,rep1,116.0,0.7645
rmsf_backbone_residue,drugs2263,rep1,117.0,0.8506
rmsf_backbone_residue,drugs2263,rep1,118.0,0.9463
rmsf_backbone_residue,drugs2263,rep1,119.0,0.9704
rmsf_backbone_residue,drugs2263,rep1,120.0,1.0462
rmsf_backbone_residue,drugs2263,rep1,121.0,0.958
rmsf_backbone_residue,drugs2263,rep1,122.0,0.8578
rmsf_backbone_residue,drugs2263,rep1,123.0,0.9354
rmsf_backbone_residue,drugs2263,rep1,124.0,0.9833
rmsf_backbone_residue,drugs2263,rep1,125.0,0.8767
rmsf_backbone_residue,drugs2263,rep1,126.0,0.8748
rmsf_backbone_residue,drugs2263,rep1,127.0,1.0037
rmsf_backbone_residue,drugs2263,rep1,128.0,1.0001
rmsf_backbone_residue,drugs2263,rep1,129.0,0.9412
rmsf_backbone_residue,drugs2263,rep1,130.0,0.9935
rmsf_backbone_residue,drugs2263,rep1,131.0,0.9122
rmsf_backbone_residue,drugs2263,rep1,132.0,0.8206
rmsf_backbone_residue,drugs2263,rep1,133.0,0.7756
rmsf_backbone_residue,drugs2263,rep1,134.0,0.7124
rmsf_backbone_residue,drugs2263,rep1,135.0,0.7323
rmsf_backbone_residue,drugs2263,rep1,136.0,0.7251
rmsf_backbone_residue,drugs2263,rep1,137.0,0.7646
rmsf_backbone_residue,drugs2263,rep1,138.0,0.6999
rmsf_backbone_residue,drugs2263,rep1,139.0,0.6063
rmsf_backbone_residue,drugs2263,rep1,140.0,0.6378
rmsf_backbone_residue,drugs2263,rep1,141.0,0.6436
rmsf_backbone_residue,drugs2263,rep1,142.0,0.577
rmsf_backbone_residue,drugs2263,rep1,143.0,0.5126
rmsf_backbone_residue,drugs2263,rep1,144.0,0.4648
rmsf_backbone_residue,drugs2263,rep1,145.0,0.5103
rmsf_backbone_residue,drugs2263,rep1,146.0,0.474
rmsf_backbone_residue,drugs2263,rep1,147.0,0.4126
rmsf_backbone_residue,drugs2263,rep1,148.0,0.4824
rmsf_backbone_residue,drugs2263,rep1,149.0,0.5496
rmsf_backbone_residue,drugs2263,rep1,150.0,0.6688
rmsf_backbone_residue,drugs2263,rep1,151.0,0.6538
rmsf_backbone_residue,drugs2263,rep1,152.0,0.7091
rmsf_backbone_residue,drugs2263,rep1,153.0,0.8059
rmsf_backbone_residue,drugs2263,rep1,154.0,0.9142
rmsf_backbone_residue,drugs2263,rep1,155.0,1.0111
rmsf_backbone_residue,drugs2263,rep1,156.0,0.9969
rmsf_backbone_residue,drugs2263,rep1,157.0,0.9165
rmsf_backbone_residue,drugs2263,rep1,158.0,0.8375
rmsf_backbone_residue,drugs2263,rep1,159.0,0.7195
rmsf_backbone_residue,drugs2263,rep1,160.0,0.8149
rmsf_backbone_residue,drugs2263,rep1,161.0,0.9111
rmsf_backbone_residue,drugs2263,rep1,162.0,1.0101
rmsf_backbone_residue,drugs2263,rep1,163.0,1.1461
rmsf_backbone_residue,drugs2263,rep1,164.0,1.2848
rmsf_backbone_residue,drugs2263,rep1,165.0,1.2545
rmsf_backbone_residue,drugs2263,rep1,166.0,1.2415
rmsf_backbone_residue,drugs2263,rep1,167.0,1.4066
rmsf_backbone_residue,drugs2263,rep1,168.0,1.4787
rmsf_backbone_residue,drugs2263,rep1,169.0,1.3746
rmsf_backbone_residue,drugs2263,rep1,170.0,1.3138
rmsf_backbone_residue,drugs2263,rep1,171.0,1.1678
rmsf_backbone_residue,drugs2263,rep1,172.0,1.2028
rmsf_backbone_residue,drugs2263,rep1,173.0,1.2029
rmsf_backbone_residue,drugs2263,rep1,174.0,1.0627
rmsf_backbone_residue,drugs2263,rep1,175.0,0.9243
rmsf_backbone_residue,drugs2263,rep1,176.0,0.7732
rmsf_backbone_residue,drugs2263,rep1,177.0,0.6451
rmsf_backbone_residue,drugs2263,rep1,178.0,0.5704
rmsf_backbone_residue,drugs2263,rep1,179.0,0.5911
rmsf_backbone_residue,drugs2263,rep1,180.0,0.6363
rmsf_backbone_residue,drugs2263,rep1,181.0,0.7662
rmsf_backbone_residue,drugs2263,rep2,1.0,1.8068
rmsf_backbone_residue,drugs2263,rep2,2.0,1.669
rmsf_backbone_residue,drugs2263,rep2,3.0,1.5128
rmsf_backbone_residue,drugs2263,rep2,4.0,1.3985
rmsf_backbone_residue,drugs2263,rep2,5.0,1.1969
rmsf_backbone_residue,drugs2263,rep2,6.0,1.0811
rmsf_backbone_residue,drugs2263,rep2,7.0,0.9011
rmsf_backbone_residue,drugs2263,rep2,8.0,0.9089
rmsf_backbone_residue,drugs2263,rep2,9.0,0.8343
rmsf_backbone_residue,drugs2263,rep2,10.0,0.8526
rmsf_backbone_residue,drugs2263,rep2,11.0,0.7788
rmsf_backbone_residue,drugs2263,rep2,12.0,0.8907
rmsf_backbone_residue,drugs2263,rep2,13.0,0.9477
rmsf_backbone_residue,drugs2263,rep2,14.0,1.056
rmsf_backbone_residue,drugs2263,rep2,15.0,1.0541
rmsf_backbone_residue,drugs2263,rep2,16.0,1.0782
rmsf_backbone_residue,drugs2263,rep2,17.0,1.0287
rmsf_backbone_residue,drugs2263,rep2,18.0,1.07
rmsf_backbone_residue,drugs2263,rep2,19.0,1.0231
rmsf_backbone_residue,drugs2263,rep2,20.0,0.8844
rmsf_backbone_residue,drugs2263,rep2,21.0,0.8955
rmsf_backbone_residue,drugs2263,rep2,22.0,0.9361
rmsf_backbone_residue,drugs2263,rep2,23.0,0.8306
rmsf_backbone_residue,drugs2263,rep2,24.0,0.74
rmsf_backbone_residue,drugs2263,rep2,25.0,0.8142
rmsf_backbone_residue,drugs2263,rep2,26.0,0.8125
rmsf_backbone_residue,drugs2263,rep2,27.0,0.6867
rmsf_backbone_residue,drugs2263,rep2,28.0,0.6799
rmsf_backbone_residue,drugs2263,rep2,29.0,0.7637
rmsf_backbone_residue,drugs2263,rep2,30.0,0.7153
rmsf_backbone_residue,drugs2263,rep2,31.0,0.6279
rmsf_backbone_residue,drugs2263,rep2,32.0,0.6905
rmsf_backbone_residue,drugs2263,rep2,33.0,0.7323
rmsf_backbone_residue,drugs2263,rep2,34.0,0.6685
rmsf_backbone_residue,drugs2263,rep2,35.0,0.6419
rmsf_backbone_residue,drugs2263,rep2,36.0,0.7074
rmsf_backbone_residue,drugs2263,rep2,37.0,0.7212
rmsf_backbone_residue,drugs2263,rep2,38.0,0.681
rmsf_backbone_residue,drugs2263,rep2,39.0,0.6861
rmsf_backbone_residue,drugs2263,rep2,40.0,0.7345
rmsf_backbone_residue,drugs2263,rep2,41.0,0.7411
rmsf_backbone_residue,drugs2263,rep2,42.0,0.7207
rmsf_backbone_residue,drugs2263,rep2,43.0,0.7334
rmsf_backbone_residue,drugs2263,rep2,44.0,0.7773
rmsf_backbone_residue,drugs2263,rep2,45.0,0.7853
rmsf_backbone_residue,drugs2263,rep2,46.0,0.7682
rmsf_backbone_residue,drugs2263,rep2,47.0,0.7875
rmsf_backbone_residue,drugs2263,rep2,48.0,0.833
rmsf_backbone_residue,drugs2263,rep2,49.0,0.8354
rmsf_backbone_residue,drugs2263,rep2,50.0,0.815
rmsf_backbone_residue,drugs2263,rep2,51.0,0.8503
rmsf_backbone_residue,drugs2263,rep2,52.0,0.8969
rmsf_backbone_residue,drugs2263,rep2,53.0,0.8813
rmsf_backbone_residue,drugs2263,rep2,54.0,0.8774
rmsf_backbone_residue,drugs2263,rep2,55.0,0.8903
rmsf_backbone_residue,drugs2263,rep2,56.0,0.8664
rmsf_backbone_residue,drugs2263,rep2,57.0,0.8423
rmsf_backbone_residue,drugs2263,rep2,58.0,0.8492
rmsf_backbone_residue,drugs2263,rep2,59.0,0.8431
rmsf_backbone_residue,drugs2263,rep2,60.0,0.8173
rmsf_backbone_residue,drugs2263,rep2,61.0,0.816
rmsf_backbone_residue,drugs2263,rep2,62.0,0.8257
rmsf_backbone_residue,drugs2263,rep2,63.0,0.8042
rmsf_backbone_residue,drugs2263,rep2,64.0,0.7847
rmsf_backbone_residue,drugs2263,rep2,65.0,0.7974
rmsf_backbone_residue,drugs2263,rep2,66.0,0.7981
rmsf_backbone_residue,drugs2263,rep2,67.0,0.7782
rmsf_backbone_residue,drugs2263,rep2,68.0,0.7682
rmsf_backbone_residue,drugs2263,rep2,69.0,0.783
rmsf_backbone_residue,drugs2263,rep2,70.0,0.7827
rmsf_backbone_residue,drugs2263,rep2,71.0,0.7655
rmsf_backbone_residue,drugs2263,rep2,72.0,0.7633
rmsf_backbone_residue,drugs2263,rep2,73.0,0.7741
rmsf_backbone_residue,drugs2263,rep2,74.0,0.7825
rmsf_backbone_residue,drugs2263,rep2,75.0,0.7583
rmsf_backbone_residue,drugs2263,rep2,76.0,0.7257
rmsf_backbone_residue,drugs2263,rep2,77.0,0.7473
rmsf_backbone_residue,drugs2263,rep2,78.0,0.7654
rmsf_backbone_residue,drugs2263,rep2,79.0,0.7257
rmsf_backbone_residue,drugs2263,rep2,80.0,0.7144
rmsf_backbone_residue,drugs2263,rep2,81.0,0.7709
rmsf_backbone_residue,drugs2263,rep2,82.0,0.7671
rmsf_backbone_residue,drugs2263,rep2,83.0,0.7225
rmsf_backbone_residue,drugs2263,rep2,84.0,0.7243
rmsf_backbone_residue,drugs2263,rep2,85.0,0.7155
rmsf_backbone_residue,drugs2263,rep2,86.0,0.7412
rmsf_backbone_residue,drugs2263,rep2,87.0,0.8084
rmsf_backbone_residue,drugs2263,rep2,88.0,0.8769
rmsf_backbone_residue,drugs2263,rep2,89.0,1.0459
rmsf_backbone_residue,drugs2263,rep2,90.0,1.2795
rmsf_backbone_residue,drugs2263,rep2,91.0,1.3115
rmsf_backbone_residue,drugs2263,rep2,92.0,1.3251
rmsf_backbone_residue,drugs2263,rep2,93.0,1.2176
rmsf_backbone_residue,drugs2263,rep2,94.0,1.0547
rmsf_backbone_residue,drugs2263,rep2,95.0,0.9876
rmsf_backbone_residue,drugs2263,rep2,96.0,0.9158
rmsf_backbone_residue,drugs2263,rep2,97.0,1.006
rmsf_backbone_residue,drugs2263,rep2,98.0,0.9054
rmsf_backbone_residue,drugs2263,rep2,99.0,0.9007
rmsf_backbone_residue,drugs2263,rep2,100.0,0.8172
rmsf_backbone_residue,drugs2263,rep2,101.0,0.9393
rmsf_backbone_residue,drugs2263,rep2,102.0,0.8155
rmsf_backbone_residue,drugs2263,rep2,103.0,0.6606
rmsf_backbone_residue,drugs2263,rep2,104.0,0.6588
rmsf_backbone_residue,drugs2263,rep2,105.0,0.6191
rmsf_backbone_residue,drugs2263,rep2,106.0,0.7666
rmsf_backbone_residue,drugs2263,rep2,107.0,0.6929
rmsf_backbone_residue,drugs2263,rep2,108.0,0.4888
rmsf_backbone_residue,drugs2263,rep2,109.0,0.4452
rmsf_backbone_residue,drugs2263,rep2,110.0,0.5373
rmsf_backbone_residue,drugs2263,rep2,111.0,0.7134
rmsf_backbone_residue,drugs2263,rep2,112.0,0.9797
rmsf_backbone_residue,drugs2263,rep2,113.0,1.1622
rmsf_backbone_residue,drugs2263,rep2,114.0,1.4799
rmsf_backbone_residue,drugs2263,rep2,115.0,1.4794
rmsf_backbone_residue,drugs2263,rep2,116.0,1.5698
rmsf_backbone_residue,drugs2263,rep2,117.0,1.397
rmsf_backbone_residue,drugs2263,rep2,118.0,1.3343
rmsf_backbone_residue,drugs2263,rep2,119.0,1.1596
rmsf_backbone_residue,drugs2263,rep2,120.0,1.3256
rmsf_backbone_residue,drugs2263,rep2,121.0,1.3611
rmsf_backbone_residue,drugs2263,rep2,122.0,1.1187
rmsf_backbone_residue,drugs2263,rep2,123.0,1.1148
rmsf_backbone_residue,drugs2263,rep2,124.0,1.3554
rmsf_backbone_residue,drugs2263,rep2,125.0,1.2704
rmsf_backbone_residue,drugs2263,rep2,126.0,1.0827
rmsf_backbone_residue,drugs2263,rep2,127.0,1.3084
rmsf_backbone_residue,drugs2263,rep2,128.0,1.464
rmsf_backbone_residue,drugs2263,rep2,129.0,1.2335
rmsf_backbone_residue,drugs2263,rep2,130.0,1.1661
rmsf_backbone_residue,drugs2263,rep2,131.0,0.9355
rmsf_backbone_residue,drugs2263,rep2,132.0,0.6789
rmsf_backbone_residue,drugs2263,rep2,133.0,0.5748
rmsf_backbone_residue,drugs2263,rep2,134.0,0.5293
rmsf_backbone_residue,drugs2263,rep2,135.0,0.6974
rmsf_backbone_residue,drugs2263,rep2,136.0,0.9201
rmsf_backbone_residue,drugs2263,rep2,137.0,1.096
rmsf_backbone_residue,drugs2263,rep2,138.0,0.9937
rmsf_backbone_residue,drugs2263,rep2,139.0,1.0192
rmsf_backbone_residue,drugs2263,rep2,140.0,1.3013
rmsf_backbone_residue,drugs2263,rep2,141.0,1.3863
rmsf_backbone_residue,drugs2263,rep2,142.0,1.2822
rmsf_backbone_residue,drugs2263,rep2,143.0,1.2707
rmsf_backbone_residue,drugs2263,rep2,144.0,1.0664
rmsf_backbone_residue,drugs2263,rep2,145.0,1.2705
rmsf_backbone_residue,drugs2263,rep2,146.0,1.393
rmsf_backbone_residue,drugs2263,rep2,147.0,1.1525
rmsf_backbone_residue,drugs2263,rep2,148.0,1.0291
rmsf_backbone_residue,drugs2263,rep2,149.0,1.1626
rmsf_backbone_residue,drugs2263,rep2,150.0,1.1897
rmsf_backbone_residue,drugs2263,rep2,151.0,0.9682
rmsf_backbone_residue,drugs2263,rep2,152.0,0.7966
rmsf_backbone_residue,drugs2263,rep2,153.0,0.7361
rmsf_backbone_residue,drugs2263,rep2,154.0,0.798
rmsf_backbone_residue,drugs2263,rep2,155.0,0.9568
rmsf_backbone_residue,drugs2263,rep2,156.0,0.9944
rmsf_backbone_residue,drugs2263,rep2,157.0,0.9672
rmsf_backbone_residue,drugs2263,rep2,158.0,1.045
rmsf_backbone_residue,drugs2263,rep2,159.0,1.0708
rmsf_backbone_residue,drugs2263,rep2,160.0,1.3116
rmsf_backbone_residue,drugs2263,rep2,161.0,1.5964
rmsf_backbone_residue,drugs2263,rep2,162.0,1.6085
rmsf_backbone_residue,drugs2263,rep2,163.0,1.5805
rmsf_backbone_residue,drugs2263,rep2,164.0,1.6854
rmsf_backbone_residue,drugs2263,rep2,165.0,1.5876
rmsf_backbone_residue,drugs2263,rep2,166.0,1.4733
rmsf_backbone_residue,drugs2263,rep2,167.0,1.5589
rmsf_backbone_residue,drugs2263,rep2,168.0,1.6472
rmsf_backbone_residue,drugs2263,rep2,169.0,1.5602
rmsf_backbone_residue,drugs2263,rep2,170.0,1.5471
rmsf_backbone_residue,drugs2263,rep2,171.0,1.4057
rmsf_backbone_residue,drugs2263,rep2,172.0,1.5618
rmsf_backbone_residue,drugs2263,rep2,173.0,1.6666
rmsf_backbone_residue,drugs2263,rep2,174.0,1.504
rmsf_backbone_residue,drugs2263,rep2,175.0,1.4787
rmsf_backbone_residue,drugs2263,rep2,176.0,1.2862
rmsf_backbone_residue,drugs2263,rep2,177.0,1.1312
rmsf_backbone_residue,drugs2263,rep2,178.0,0.9116
rmsf_backbone_residue,drugs2263,rep2,179.0,0.6585
rmsf_backbone_residue,drugs2263,rep2,180.0,0.569
rmsf_backbone_residue,drugs2263,rep2,181.0,0.5041
rmsf_backbone_residue,drugs2263,rep3,1.0,1.465
rmsf_backbone_residue,drugs2263,rep3,2.0,1.3219
rmsf_backbone_residue,drugs2263,rep3,3.0,1.1511
rmsf_backbone_residue,drugs2263,rep3,4.0,1.0648
rmsf_backbone_residue,drugs2263,rep3,5.0,0.9611
rmsf_backbone_residue,drugs2263,rep3,6.0,0.7937
rmsf_backbone_residue,drugs2263,rep3,7.0,0.6828
rmsf_backbone_residue,drugs2263,rep3,8.0,0.5935
rmsf_backbone_residue,drugs2263,rep3,9.0,0.4759
rmsf_backbone_residue,drugs2263,rep3,10.0,0.4386
rmsf_backbone_residue,drugs2263,rep3,11.0,0.4691
rmsf_backbone_residue,drugs2263,rep3,12.0,0.5189
rmsf_backbone_residue,drugs2263,rep3,13.0,0.5991
rmsf_backbone_residue,drugs2263,rep3,14.0,0.657
rmsf_backbone_residue,drugs2263,rep3,15.0,0.7109
rmsf_backbone_residue,drugs2263,rep3,16.0,0.7691
rmsf_backbone_residue,drugs2263,rep3,17.0,0.7462
rmsf_backbone_residue,drugs2263,rep3,18.0,0.7099
rmsf_backbone_residue,drugs2263,rep3,19.0,0.6089
rmsf_backbone_residue,drugs2263,rep3,20.0,0.5569
rmsf_backbone_residue,drugs2263,rep3,21.0,0.5841
rmsf_backbone_residue,drugs2263,rep3,22.0,0.5423
rmsf_backbone_residue,drugs2263,rep3,23.0,0.424
rmsf_backbone_residue,drugs2263,rep3,24.0,0.4033
rmsf_backbone_residue,drugs2263,rep3,25.0,0.4642
rmsf_backbone_residue,drugs2263,rep3,26.0,0.4391
rmsf_backbone_residue,drugs2263,rep3,27.0,0.3619
rmsf_backbone_residue,drugs2263,rep3,28.0,0.3969
rmsf_backbone_residue,drugs2263,rep3,29.0,0.4218
rmsf_backbone_residue,drugs2263,rep3,30.0,0.3851
rmsf_backbone_residue,drugs2263,rep3,31.0,0.385
rmsf_backbone_residue,drugs2263,rep3,32.0,0.4249
rmsf_backbone_residue,drugs2263,rep3,33.0,0.4208
rmsf_backbone_residue,drugs2263,rep3,34.0,0.3928
rmsf_backbone_residue,drugs2263,rep3,35.0,0.4097
rmsf_backbone_residue,drugs2263,rep3,36.0,0.4282
rmsf_backbone_residue,drugs2263,rep3,37.0,0.4206
rmsf_backbone_residue,drugs2263,rep3,38.0,0.4302
rmsf_backbone_residue,drugs2263,rep3,39.0,0.4491
rmsf_backbone_residue,drugs2263,rep3,40.0,0.4541
rmsf_backbone_residue,drugs2263,rep3,41.0,0.4672
rmsf_backbone_residue,drugs2263,rep3,42.0,0.487
rmsf_backbone_residue,drugs2263,rep3,43.0,0.4946
rmsf_backbone_residue,drugs2263,rep3,44.0,0.5096
rmsf_backbone_residue,drugs2263,rep3,45.0,0.5317
rmsf_backbone_residue,drugs2263,rep3,46.0,0.5355
rmsf_backbone_residue,drugs2263,rep3,47.0,0.5404
rmsf_backbone_residue,drugs2263,rep3,48.0,0.5563
rmsf_backbone_residue,drugs2263,rep3,49.0,0.5619
rmsf_backbone_residue,drugs2263,rep3,50.0,0.5614
rmsf_backbone_residue,drugs2263,rep3,51.0,0.5797
rmsf_backbone_residue,drugs2263,rep3,52.0,0.607
rmsf_backbone_residue,drugs2263,rep3,53.0,0.6069
rmsf_backbone_residue,drugs2263,rep3,54.0,0.5981
rmsf_backbone_residue,drugs2263,rep3,55.0,0.6235
rmsf_backbone_residue,drugs2263,rep3,56.0,0.6262
rmsf_backbone_residue,drugs2263,rep3,57.0,0.5938
rmsf_backbone_residue,drugs2263,rep3,58.0,0.606
rmsf_backbone_residue,drugs2263,rep3,59.0,0.6439
rmsf_backbone_residue,drugs2263,rep3,60.0,0.628
rmsf_backbone_residue,drugs2263,rep3,61.0,0.6113
rmsf_backbone_residue,drugs2263,rep3,62.0,0.6629
rmsf_backbone_residue,drugs2263,rep3,63.0,0.6897
rmsf_backbone_residue,drugs2263,rep3,64.0,0.6603
rmsf_backbone_residue,drugs2263,rep3,65.0,0.6847
rmsf_backbone_residue,drugs2263,rep3,66.0,0.7498
rmsf_backbone_residue,drugs2263,rep3,67.0,0.7493
rmsf_backbone_residue,drugs2263,rep3,68.0,0.7287
rmsf_backbone_residue,drugs2263,rep3,69.0,0.7939
rmsf_backbone_residue,drugs2263,rep3,70.0,0.846
rmsf_backbone_residue,drugs2263,rep3,71.0,0.8204
rmsf_backbone_residue,drugs2263,rep3,72.0,0.8347
rmsf_backbone_residue,drugs2263,rep3,73.0,0.9165
rmsf_backbone_residue,drugs2263,rep3,74.0,0.9389
rmsf_backbone_residue,drugs2263,rep3,75.0,0.9185
rmsf_backbone_residue,drugs2263,rep3,76.0,0.9748
rmsf_backbone_residue,drugs2263,rep3,77.0,1.0321
rmsf_backbone_residue,drugs2263,rep3,78.0,1.006
rmsf_backbone_residue,drugs2263,rep3,79.0,0.9539
rmsf_backbone_residue,drugs2263,rep3,80.0,0.837
rmsf_backbone_residue,drugs2263,rep3,81.0,0.8448
rmsf_backbone_residue,drugs2263,rep3,82.0,0.8736
rmsf_backbone_residue,drugs2263,rep3,83.0,0.7206
rmsf_backbone_residue,drugs2263,rep3,84.0,0.6295
rmsf_backbone_residue,drugs2263,rep3,85.0,0.5711
rmsf_backbone_residue,drugs2263,rep3,86.0,0.6457
rmsf_backbone_residue,drugs2263,rep3,87.0,0.7829
rmsf_backbone_residue,drugs2263,rep3,88.0,0.865
rmsf_backbone_residue,drugs2263,rep3,89.0,0.8861
rmsf_backbone_residue,drugs2263,rep3,90.0,0.9905
rmsf_backbone_residue,drugs2263,rep3,91.0,0.9116
rmsf_backbone_residue,drugs2263,rep3,92.0,0.896
rmsf_backbone_residue,drugs2263,rep3,93.0,0.8539
rmsf_backbone_residue,drugs2263,rep3,94.0,0.7867
rmsf_backbone_residue,drugs2263,rep3,95.0,0.8289
rmsf_backbone_residue,drugs2263,rep3,96.0,0.7287
rmsf_backbone_residue,drugs2263,rep3,97.0,0.7177
rmsf_backbone_residue,drugs2263,rep3,98.0,0.5864
rmsf_backbone_residue,drugs2263,rep3,99.0,0.49
rmsf_backbone_residue,drugs2263,rep3,100.0,0.3884
rmsf_backbone_residue,drugs2263,rep3,101.0,0.3701
rmsf_backbone_residue,drugs2263,rep3,102.0,0.3213
rmsf_backbone_residue,drugs2263,rep3,103.0,0.2763
rmsf_backbone_residue,drugs2263,rep3,104.0,0.325
rmsf_backbone_residue,drugs2263,rep3,105.0,0.3944
rmsf_backbone_residue,drugs2263,rep3,106.0,0.4955
rmsf_backbone_residue,drugs2263,rep3,107.0,0.471
rmsf_backbone_residue,drugs2263,rep3,108.0,0.3766
rmsf_backbone_residue,drugs2263,rep3,109.0,0.2955
rmsf_backbone_residue,drugs2263,rep3,110.0,0.2431
rmsf_backbone_residue,drugs2263,rep3,111.0,0.2619
rmsf_backbone_residue,drugs2263,rep3,112.0,0.3288
rmsf_backbone_residue,drugs2263,rep3,113.0,0.373
rmsf_backbone_residue,drugs2263,rep3,114.0,0.5023
rmsf_backbone_residue,drugs2263,rep3,115.0,0.5104
rmsf_backbone_residue,drugs2263,rep3,116.0,0.5561
rmsf_backbone_residue,drugs2263,rep3,117.0,0.5137
rmsf_backbone_residue,drugs2263,rep3,118.0,0.5197
rmsf_backbone_residue,drugs2263,rep3,119.0,0.4995
rmsf_backbone_residue,drugs2263,rep3,120.0,0.5527
rmsf_backbone_residue,drugs2263,rep3,121.0,0.5178
rmsf_backbone_residue,drugs2263,rep3,122.0,0.4311
rmsf_backbone_residue,drugs2263,rep3,123.0,0.4679
rmsf_backbone_residue,drugs2263,rep3,124.0,0.5314
rmsf_backbone_residue,drugs2263,rep3,125.0,0.4794
rmsf_backbone_residue,drugs2263,rep3,126.0,0.4438
rmsf_backbone_residue,drugs2263,rep3,127.0,0.5476
rmsf_backbone_residue,drugs2263,rep3,128.0,0.5911
rmsf_backbone_residue,drugs2263,rep3,129.0,0.5304
rmsf_backbone_residue,drugs2263,rep3,130.0,0.5424
rmsf_backbone_residue,drugs2263,rep3,131.0,0.4593
rmsf_backbone_residue,drugs2263,rep3,132.0,0.3883
rmsf_backbone_residue,drugs2263,rep3,133.0,0.3747
rmsf_backbone_residue,drugs2263,rep3,134.0,0.385
rmsf_backbone_residue,drugs2263,rep3,135.0,0.4858
rmsf_backbone_residue,drugs2263,rep3,136.0,0.5576
rmsf_backbone_residue,drugs2263,rep3,137.0,0.6415
rmsf_backbone_residue,drugs2263,rep3,138.0,0.5616
rmsf_backbone_residue,drugs2263,rep3,139.0,0.5018
rmsf_backbone_residue,drugs2263,rep3,140.0,0.6179
rmsf_backbone_residue,drugs2263,rep3,141.0,0.6558
rmsf_backbone_residue,drugs2263,rep3,142.0,0.5681
rmsf_backbone_residue,drugs2263,rep3,143.0,0.5157
rmsf_backbone_residue,drugs2263,rep3,144.0,0.4275
rmsf_backbone_residue,drugs2263,rep3,145.0,0.4775
rmsf_backbone_residue,drugs2263,rep3,146.0,0.5127
rmsf_backbone_residue,drugs2263,rep3,147.0,0.423
rmsf_backbone_residue,drugs2263,rep3,148.0,0.3774
rmsf_backbone_residue,drugs2263,rep3,149.0,0.4466
rmsf_backbone_residue,drugs2263,rep3,150.0,0.4585
rmsf_backbone_residue,drugs2263,rep3,151.0,0.4002
rmsf_backbone_residue,drugs2263,rep3,152.0,0.3731
rmsf_backbone_residue,drugs2263,rep3,153.0,0.443
rmsf_backbone_residue,drugs2263,rep3,154.0,0.5257
rmsf_backbone_residue,drugs2263,rep3,155.0,0.6129
rmsf_backbone_residue,drugs2263,rep3,156.0,0.5935
rmsf_backbone_residue,drugs2263,rep3,157.0,0.5615
rmsf_backbone_residue,drugs2263,rep3,158.0,0.541
rmsf_backbone_residue,drugs2263,rep3,159.0,0.5016
rmsf_backbone_residue,drugs2263,rep3,160.0,0.5761
rmsf_backbone_residue,drugs2263,rep3,161.0,0.6437
rmsf_backbone_residue,drugs2263,rep3,162.0,0.6835
rmsf_backbone_residue,drugs2263,rep3,163.0,0.6512
rmsf_backbone_residue,drugs2263,rep3,164.0,0.6996
rmsf_backbone_residue,drugs2263,rep3,165.0,0.6713
rmsf_backbone_residue,drugs2263,rep3,166.0,0.7208
rmsf_backbone_residue,drugs2263,rep3,167.0,0.8226
rmsf_backbone_residue,drugs2263,rep3,168.0,0.8622
rmsf_backbone_residue,drugs2263,rep3,169.0,0.7846
rmsf_backbone_residue,drugs2263,rep3,170.0,0.7471
rmsf_backbone_residue,drugs2263,rep3,171.0,0.6834
rmsf_backbone_residue,drugs2263,rep3,172.0,0.7069
rmsf_backbone_residue,drugs2263,rep3,173.0,0.7251
rmsf_backbone_residue,drugs2263,rep3,174.0,0.6394
rmsf_backbone_residue,drugs2263,rep3,175.0,0.5733
rmsf_backbone_residue,drugs2263,rep3,176.0,0.4737
rmsf_backbone_residue,drugs2263,rep3,177.0,0.3984
rmsf_backbone_residue,drugs2263,rep3,178.0,0.3083
rmsf_backbone_residue,drugs2263,rep3,179.0,0.2595
rmsf_backbone_residue,drugs2263,rep3,180.0,0.2669
rmsf_backbone_residue,drugs2263,rep3,181.0,0.3501
rmsf_backbone_residue,drugs3003,rep1,1.0,1.5585
rmsf_backbone_residue,drugs3003,rep1,2.0,1.5074
rmsf_backbone_residue,drugs3003,rep1,3.0,1.4025
rmsf_backbone_residue,drugs3003,rep1,4.0,1.353
rmsf_backbone_residue,drugs3003,rep1,5.0,1.2562
rmsf_backbone_residue,drugs3003,rep1,6.0,1.1903
rmsf_backbone_residue,drugs3003,rep1,7.0,1.1377
rmsf_backbone_residue,drugs3003,rep1,8.0,1.1398
rmsf_backbone_residue,drugs3003,rep1,9.0,1.1621
rmsf_backbone_residue,drugs3003,rep1,10.0,1.1887
rmsf_backbone_residue,drugs3003,rep1,11.0,1.2726
rmsf_backbone_residue,drugs3003,rep1,12.0,1.3378
rmsf_backbone_residue,drugs3003,rep1,13.0,1.2751
rmsf_backbone_residue,drugs3003,rep1,14.0,1.2614
rmsf_backbone_residue,drugs3003,rep1,15.0,1.1521
rmsf_backbone_residue,drugs3003,rep1,16.0,1.0968
rmsf_backbone_residue,drugs3003,rep1,17.0,1.18
rmsf_backbone_residue,drugs3003,rep1,18.0,1.2826
rmsf_backbone_residue,drugs3003,rep1,19.0,1.3332
rmsf_backbone_residue,drugs3003,rep1,20.0,1.2402
rmsf_backbone_residue,drugs3003,rep1,21.0,1.1647
rmsf_backbone_residue,drugs3003,rep1,22.0,1.0967
rmsf_backbone_residue,drugs3003,rep1,23.0,1.0169
rmsf_backbone_residue,drugs3003,rep1,24.0,1.0249
rmsf_backbone_residue,drugs3003,rep1,25.0,1.0452
rmsf_backbone_residue,drugs3003,rep1,26.0,0.9815
rmsf_backbone_residue,drugs3003,rep1,27.0,0.9505
rmsf_backbone_residue,drugs3003,rep1,28.0,1.016
rmsf_backbone_residue,drugs3003,rep1,29.0,1.0025
rmsf_backbone_residue,drugs3003,rep1,30.0,0.9386
rmsf_backbone_residue,drugs3003,rep1,31.0,0.9793
rmsf_backbone_residue,drugs3003,rep1,32.0,0.9874
rmsf_backbone_residue,drugs3003,rep1,33.0,0.9029
rmsf_backbone_residue,drugs3003,rep1,34.0,0.858
rmsf_backbone_residue,drugs3003,rep1,35.0,0.9007
rmsf_backbone_residue,drugs3003,rep1,36.0,0.9098
rmsf_backbone_residue,drugs3003,rep1,37.0,0.839
rmsf_backbone_residue,drugs3003,rep1,38.0,0.8248
rmsf_backbone_residue,drugs3003,rep1,39.0,0.8825
rmsf_backbone_residue,drugs3003,rep1,40.0,0.8935
rmsf_backbone_residue,drugs3003,rep1,41.0,0.8425
rmsf_backbone_residue,drugs3003,rep1,42.0,0.843
rmsf_backbone_residue,drugs3003,rep1,43.0,0.8961
rmsf_backbone_residue,drugs3003,rep1,44.0,0.876
rmsf_backbone_residue,drugs3003,rep1,45.0,0.8176
rmsf_backbone_residue,drugs3003,rep1,46.0,0.8396
rmsf_backbone_residue,drugs3003,rep1,47.0,0.8742
rmsf_backbone_residue,drugs3003,rep1,48.0,0.8391
rmsf_backbone_residue,drugs3003,rep1,49.0,0.81
rmsf_backbone_residue,drugs3003,rep1,50.0,0.8476
rmsf_backbone_residue,drugs3003,rep1,51.0,0.8748
rmsf_backbone_residue,drugs3003,rep1,52.0,0.8467
rmsf_backbone_residue,drugs3003,rep1,53.0,0.8382
rmsf_backbone_residue,drugs3003,rep1,54.0,0.8714
rmsf_backbone_residue,drugs3003,rep1,55.0,0.8812
rmsf_backbone_residue,drugs3003,rep1,56.0,0.8194
rmsf_backbone_residue,drugs3003,rep1,57.0,0.7993
rmsf_backbone_residue,drugs3003,rep1,58.0,0.8501
rmsf_backbone_residue,drugs3003,rep1,59.0,0.8463
rmsf_backbone_residue,drugs3003,rep1,60.0,0.7801
rmsf_backbone_residue,drugs3003,rep1,61.0,0.785
rmsf_backbone_residue,drugs3003,rep1,62.0,0.8367
rmsf_backbone_residue,drugs3003,rep1,63.0,0.8089
rmsf_backbone_residue,drugs3003,rep1,64.0,0.741
rmsf_backbone_residue,drugs3003,rep1,65.0,0.7752
rmsf_backbone_residue,drugs3003,rep1,66.0,0.8104
rmsf_backbone_residue,drugs3003,rep1,67.0,0.7335
rmsf_backbone_residue,drugs3003,rep1,68.0,0.6541
rmsf_backbone_residue,drugs3003,rep1,69.0,0.7076
rmsf_backbone_residue,drugs3003,rep1,70.0,0.6678
rmsf_backbone_residue,drugs3003,rep1,71.0,0.5122
rmsf_backbone_residue,drugs3003,rep1,72.0,0.4937
rmsf_backbone_residue,drugs3003,rep1,73.0,0.5303
rmsf_backbone_residue,drugs3003,rep1,74.0,0.4122
rmsf_backbone_residue,drugs3003,rep1,75.0,0.3329
rmsf_backbone_residue,drugs3003,rep1,76.0,0.4173
rmsf_backbone_residue,drugs3003,rep1,77.0,0.3843
rmsf_backbone_residue,drugs3003,rep1,78.0,0.3043
rmsf_backbone_residue,drugs3003,rep1,79.0,0.3884
rmsf_backbone_residue,drugs3003,rep1,80.0,0.443
rmsf_backbone_residue,drugs3003,rep1,81.0,0.3974
rmsf_backbone_residue,drugs3003,rep1,82.0,0.4817
rmsf_backbone_residue,drugs3003,rep1,83.0,0.6745
rmsf_backbone_residue,drugs3003,rep1,84.0,0.8651
rmsf_backbone_residue,drugs3003,rep1,85.0,1.0431
rmsf_backbone_residue,drugs3003,rep1,86.0,1.1365
rmsf_backbone_residue,drugs3003,rep1,87.0,1.1829
rmsf_backbone_residue,drugs3003,rep1,88.0,1.3874
rmsf_backbone_residue,drugs3003,rep1,89.0,1.4118
rmsf_backbone_residue,drugs3003,rep1,90.0,1.5291
rmsf_backbone_residue,drugs3003,rep1,91.0,1.5731
rmsf_backbone_residue,drugs3003,rep1,92.0,1.6216
rmsf_backbone_residue,drugs3003,rep1,93.0,1.7088
rmsf_backbone_residue,drugs3003,rep1,94.0,1.5726
rmsf_backbone_residue,drugs3003,rep1,95.0,1.5111
rmsf_backbone_residue,drugs3003,rep1,96.0,1.269
rmsf_backbone_residue,drugs3003,rep1,97.0,1.0518
rmsf_backbone_residue,drugs3003,rep1,98.0,0.8519
rmsf_backbone_residue,drugs3003,rep1,99.0,0.6574
rmsf_backbone_residue,drugs3003,rep1,100.0,0.5192
rmsf_backbone_residue,drugs3003,rep1,101.0,0.4774
rmsf_backbone_residue,drugs3003,rep1,102.0,0.3588
rmsf_backbone_residue,drugs3003,rep1,103.0,0.3099
rmsf_backbone_residue,drugs3003,rep1,104.0,0.3342
rmsf_backbone_residue,drugs3003,rep1,105.0,0.4169
rmsf_backbone_residue,drugs3003,rep1,106.0,0.5394
rmsf_backbone_residue,drugs3003,rep1,107.0,0.6095
rmsf_backbone_residue,drugs3003,rep1,108.0,0.5161
rmsf_backbone_residue,drugs3003,rep1,109.0,0.4986
rmsf_backbone_residue,drugs3003,rep1,110.0,0.3982
rmsf_backbone_residue,drugs3003,rep1,111.0,0.4518
rmsf_backbone_residue,drugs3003,rep1,112.0,0.4341
rmsf_backbone_residue,drugs3003,rep1,113.0,0.5135
rmsf_backbone_residue,drugs3003,rep1,114.0,0.5738
rmsf_backbone_residue,drugs3003,rep1,115.0,0.6548
rmsf_backbone_residue,drugs3003,rep1,116.0,0.7586
rmsf_backbone_residue,drugs3003,rep1,117.0,0.8072
rmsf_backbone_residue,drugs3003,rep1,118.0,0.8743
rmsf_backbone_residue,drugs3003,rep1,119.0,0.8803
rmsf_backbone_residue,drugs3003,rep1,120.0,0.9568
rmsf_backbone_residue,drugs3003,rep1,121.0,0.8949
rmsf_backbone_residue,drugs3003,rep1,122.0,0.7966
rmsf_backbone_residue,drugs3003,rep1,123.0,0.8573
rmsf_backbone_residue,drugs3003,rep1,124.0,0.918
rmsf_backbone_residue,drugs3003,rep1,125.0,0.8252
rmsf_backbone_residue,drugs3003,rep1,126.0,0.8025
rmsf_backbone_residue,drugs3003,rep1,127.0,0.9262
rmsf_backbone_residue,drugs3003,rep1,128.0,0.9384
rmsf_backbone_residue,drugs3003,rep1,129.0,0.8625
rmsf_backbone_residue,drugs3003,rep1,130.0,0.8968
rmsf_backbone_residue,drugs3003,rep1,131.0,0.8114
rmsf_backbone_residue,drugs3003,rep1,132.0,0.7172
rmsf_backbone_residue,drugs3003,rep1,133.0,0.6779
rmsf_backbone_residue,drugs3003,rep1,134.0,0.6169
rmsf_backbone_residue,drugs3003,rep1,135.0,0.622
rmsf_backbone_residue,drugs3003,rep1,136.0,0.6256
rmsf_backbone_residue,drugs3003,rep1,137.0,0.6331
rmsf_backbone_residue,drugs3003,rep1,138.0,0.5479
rmsf_backbone_residue,drugs3003,rep1,139.0,0.4798
rmsf_backbone_residue,drugs3003,rep1,140.0,0.5434
rmsf_backbone_residue,drugs3003,rep1,141.0,0.5249
rmsf_backbone_residue,drugs3003,rep1,142.0,0.4612
rmsf_backbone_residue,drugs3003,rep1,143.0,0.4091
rmsf_backbone_residue,drugs3003,rep1,144.0,0.3744
rmsf_backbone_residue,drugs3003,rep1,145.0,0.4581
rmsf_backbone_residue,drugs3003,rep1,146.0,0.4551
rmsf_backbone_residue,drugs3003,rep1,147.0,0.3875
rmsf_backbone_residue,drugs3003,rep1,148.0,0.4399
rmsf_backbone_residue,drugs3003,rep1,149.0,0.529
rmsf_backbone_residue,drugs3003,rep1,150.0,0.6356
rmsf_backbone_residue,drugs3003,rep1,151.0,0.6091
rmsf_backbone_residue,drugs3003,rep1,152.0,0.6453
rmsf_backbone_residue,drugs3003,rep1,153.0,0.7102
rmsf_backbone_residue,drugs3003,rep1,154.0,0.7947
rmsf_backbone_residue,drugs3003,rep1,155.0,0.8775
rmsf_backbone_residue,drugs3003,rep1,156.0,0.8777
rmsf_backbone_residue,drugs3003,rep1,157.0,0.8098
rmsf_backbone_residue,drugs3003,rep1,158.0,0.749
rmsf_backbone_residue,drugs3003,rep1,159.0,0.649
rmsf_backbone_residue,drugs3003,rep1,160.0,0.6846
rmsf_backbone_residue,drugs3003,rep1,161.0,0.7151
rmsf_backbone_residue,drugs3003,rep1,162.0,0.8306
rmsf_backbone_residue,drugs3003,rep1,163.0,0.9445
rmsf_backbone_residue,drugs3003,rep1,164.0,1.0363
rmsf_backbone_residue,drugs3003,rep1,165.0,0.9653
rmsf_backbone_residue,drugs3003,rep1,166.0,0.9944
rmsf_backbone_residue,drugs3003,rep1,167.0,1.1171
rmsf_backbone_residue,drugs3003,rep1,168.0,1.095
rmsf_backbone_residue,drugs3003,rep1,169.0,1.1372
rmsf_backbone_residue,drugs3003,rep1,170.0,1.1825
rmsf_backbone_residue,drugs3003,rep1,171.0,1.1027
rmsf_backbone_residue,drugs3003,rep1,172.0,1.1651
rmsf_backbone_residue,drugs3003,rep1,173.0,1.1014
rmsf_backbone_residue,drugs3003,rep1,174.0,0.9845
rmsf_backbone_residue,drugs3003,rep1,175.0,0.8582
rmsf_backbone_residue,drugs3003,rep1,176.0,0.7284
rmsf_backbone_residue,drugs3003,rep1,177.0,0.6184
rmsf_backbone_residue,drugs3003,rep1,178.0,0.5453
rmsf_backbone_residue,drugs3003,rep1,179.0,0.5361
rmsf_backbone_residue,drugs3003,rep1,180.0,0.5547
rmsf_backbone_residue,drugs3003,rep1,181.0,0.6386
rmsf_backbone_residue,drugs3003,rep2,1.0,1.3838
rmsf_backbone_residue,drugs3003,rep2,2.0,1.3375
rmsf_backbone_residue,drugs3003,rep2,3.0,1.2089
rmsf_backbone_residue,drugs3003,rep2,4.0,1.1458
rmsf_backbone_residue,drugs3003,rep2,5.0,1.0811
rmsf_backbone_residue,drugs3003,rep2,6.0,1.0043
rmsf_backbone_residue,drugs3003,rep2,7.0,0.9969
rmsf_backbone_residue,drugs3003,rep2,8.0,1.0002
rmsf_backbone_residue,drugs3003,rep2,9.0,0.9927
rmsf_backbone_residue,drugs3003,rep2,10.0,1.0339
rmsf_backbone_residue,drugs3003,rep2,11.0,1.1641
rmsf_backbone_residue,drugs3003,rep2,12.0,1.2155
rmsf_backbone_residue,drugs3003,rep2,13.0,1.2884
rmsf_backbone_residue,drugs3003,rep2,14.0,1.3535
rmsf_backbone_residue,drugs3003,rep2,15.0,1.4166
rmsf_backbone_residue,drugs3003,rep2,16.0,1.5361
rmsf_backbone_residue,drugs3003,rep2,17.0,1.5973
rmsf_backbone_residue,drugs3003,rep2,18.0,1.5982
rmsf_backbone_residue,drugs3003,rep2,19.0,1.5053
rmsf_backbone_residue,drugs3003,rep2,20.0,1.384
rmsf_backbone_residue,drugs3003,rep2,21.0,1.3678
rmsf_backbone_residue,drugs3003,rep2,22.0,1.3049
rmsf_backbone_residue,drugs3003,rep2,23.0,1.1735
rmsf_backbone_residue,drugs3003,rep2,24.0,1.13
rmsf_backbone_residue,drugs3003,rep2,25.0,1.1268
rmsf_backbone_residue,drugs3003,rep2,26.0,1.0397
rmsf_backbone_residue,drugs3003,rep2,27.0,0.9549
rmsf_backbone_residue,drugs3003,rep2,28.0,0.9654
rmsf_backbone_residue,drugs3003,rep2,29.0,0.9484
rmsf_backbone_residue,drugs3003,rep2,30.0,0.8756
rmsf_backbone_residue,drugs3003,rep2,31.0,0.8445
rmsf_backbone_residue,drugs3003,rep2,32.0,0.8525
rmsf_backbone_residue,drugs3003,rep2,33.0,0.8127
rmsf_backbone_residue,drugs3003,rep2,34.0,0.7754
rmsf_backbone_residue,drugs3003,rep2,35.0,0.7646
rmsf_backbone_residue,drugs3003,rep2,36.0,0.7576
rmsf_backbone_residue,drugs3003,rep2,37.0,0.7487
rmsf_backbone_residue,drugs3003,rep2,38.0,0.7552
rmsf_backbone_residue,drugs3003,rep2,39.0,0.7527
rmsf_backbone_residue,drugs3003,rep2,40.0,0.7568
rmsf_backbone_residue,drugs3003,rep2,41.0,0.7909
rmsf_backbone_residue,drugs3003,rep2,42.0,0.8106
rmsf_backbone_residue,drugs3003,rep2,43.0,0.8061
rmsf_backbone_residue,drugs3003,rep2,44.0,0.8457
rmsf_backbone_residue,drugs3003,rep2,45.0,0.909
rmsf_backbone_residue,drugs3003,rep2,46.0,0.9219
rmsf_backbone_residue,drugs3003,rep2,47.0,0.9294
rmsf_backbone_residue,drugs3003,rep2,48.0,1.0069
rmsf_backbone_residue,drugs3003,rep2,49.0,1.0577
rmsf_backbone_residue,drugs3003,rep2,50.0,1.0162
rmsf_backbone_residue,drugs3003,rep2,51.0,1.0282
rmsf_backbone_residue,drugs3003,rep2,52.0,0.9178
rmsf_backbone_residue,drugs3003,rep2,53.0,0.8766
rmsf_backbone_residue,drugs3003,rep2,54.0,0.7987
rmsf_backbone_residue,drugs3003,rep2,55.0,0.7702
rmsf_backbone_residue,drugs3003,rep2,56.0,0.6718
rmsf_backbone_residue,drugs3003,rep2,57.0,0.6268
rmsf_backbone_residue,drugs3003,rep2,58.0,0.676
rmsf_backbone_residue,drugs3003,rep2,59.0,0.6508
rmsf_backbone_residue,drugs3003,rep2,60.0,0.5574
rmsf_backbone_residue,drugs3003,rep2,61.0,0.5736
rmsf_backbone_residue,drugs3003,rep2,62.0,0.6442
rmsf_backbone_residue,drugs3003,rep2,63.0,0.6018
rmsf_backbone_residue,drugs3003,rep2,64.0,0.5509
rmsf_backbone_residue,drugs3003,rep2,65.0,0.6247
rmsf_backbone_residue,drugs3003,rep2,66.0,0.6695
rmsf_backbone_residue,drugs3003,rep2,67.0,0.6275
rmsf_backbone_residue,drugs3003,rep2,68.0,0.6431
rmsf_backbone_residue,drugs3003,rep2,69.0,0.7422
rmsf_backbone_residue,drugs3003,rep2,70.0,0.7602
rmsf_backbone_residue,drugs3003,rep2,71.0,0.7325
rmsf_backbone_residue,drugs3003,rep2,72.0,0.7968
rmsf_backbone_residue,drugs3003,rep2,73.0,0.8763
rmsf_backbone_residue,drugs3003,rep2,74.0,0.8682
rmsf_backbone_residue,drugs3003,rep2,75.0,0.969
rmsf_backbone_residue,drugs3003,rep2,76.0,1.0514
rmsf_backbone_residue,drugs3003,rep2,77.0,0.9616
rmsf_backbone_residue,drugs3003,rep2,78.0,0.9127
rmsf_backbone_residue,drugs3003,rep2,79.0,0.9365
rmsf_backbone_residue,drugs3003,rep2,80.0,0.9232
rmsf_backbone_residue,drugs3003,rep2,81.0,0.9893
rmsf_backbone_residue,drugs3003,rep2,82.0,1.1011
rmsf_backbone_residue,drugs3003,rep2,83.0,1.1135
rmsf_backbone_residue,drugs3003,rep2,84.0,1.0898
rmsf_backbone_residue,drugs3003,rep2,85.0,0.9685
rmsf_backbone_residue,drugs3003,rep2,86.0,0.8714
rmsf_backbone_residue,drugs3003,rep2,87.0,0.7793
rmsf_backbone_residue,drugs3003,rep2,88.0,0.8014
rmsf_backbone_residue,drugs3003,rep2,89.0,0.7659
rmsf_backbone_residue,drugs3003,rep2,90.0,0.7783
rmsf_backbone_residue,drugs3003,rep2,91.0,0.7277
rmsf_backbone_residue,drugs3003,rep2,92.0,0.7564
rmsf_backbone_residue,drugs3003,rep2,93.0,0.7652
rmsf_backbone_residue,drugs3003,rep2,94.0,0.7751
rmsf_backbone_residue,drugs3003,rep2,95.0,0.8598
rmsf_backbone_residue,drugs3003,rep2,96.0,0.8014
rmsf_backbone_residue,drugs3003,rep2,97.0,0.7695
rmsf_backbone_residue,drugs3003,rep2,98.0,0.7164
rmsf_backbone_residue,drugs3003,rep2,99.0,0.7046
rmsf_backbone_residue,drugs3003,rep2,100.0,0.6295
rmsf_backbone_residue,drugs3003,rep2,101.0,0.5975
rmsf_backbone_residue,drugs3003,rep2,102.0,0.5307
rmsf_backbone_residue,drugs3003,rep2,103.0,0.5089
rmsf_backbone_residue,drugs3003,rep2,104.0,0.5721
rmsf_backbone_residue,drugs3003,rep2,105.0,0.621
rmsf_backbone_residue,drugs3003,rep2,106.0,0.7196
rmsf_backbone_residue,drugs3003,rep2,107.0,0.7289
rmsf_backbone_residue,drugs3003,rep2,108.0,0.6364
rmsf_backbone_residue,drugs3003,rep2,109.0,0.5764
rmsf_backbone_residue,drugs3003,rep2,110.0,0.4936
rmsf_backbone_residue,drugs3003,rep2,111.0,0.4959
rmsf_backbone_residue,drugs3003,rep2,112.0,0.5034
rmsf_backbone_residue,drugs3003,rep2,113.0,0.5034
rmsf_backbone_residue,drugs3003,rep2,114.0,0.5675
rmsf_backbone_residue,drugs3003,rep2,115.0,0.5841
rmsf_backbone_residue,drugs3003,rep2,116.0,0.6123
rmsf_backbone_residue,drugs3003,rep2,117.0,0.5702
rmsf_backbone_residue,drugs3003,rep2,118.0,0.5644
rmsf_backbone_residue,drugs3003,rep2,119.0,0.5116
rmsf_backbone_residue,drugs3003,rep2,120.0,0.6085
rmsf_backbone_residue,drugs3003,rep2,121.0,0.6385
rmsf_backbone_residue,drugs3003,rep2,122.0,0.5607
rmsf_backbone_residue,drugs3003,rep2,123.0,0.5904
rmsf_backbone_residue,drugs3003,rep2,124.0,0.6948
rmsf_backbone_residue,drugs3003,rep2,125.0,0.6785
rmsf_backbone_residue,drugs3003,rep2,126.0,0.6493
rmsf_backbone_residue,drugs3003,rep2,127.0,0.7424
rmsf_backbone_residue,drugs3003,rep2,128.0,0.8172
rmsf_backbone_residue,drugs3003,rep2,129.0,0.7772
rmsf_backbone_residue,drugs3003,rep2,130.0,0.7651
rmsf_backbone_residue,drugs3003,rep2,131.0,0.6497
rmsf_backbone_residue,drugs3003,rep2,132.0,0.538
rmsf_backbone_residue,drugs3003,rep2,133.0,0.4493
rmsf_backbone_residue,drugs3003,rep2,134.0,0.3917
rmsf_backbone_residue,drugs3003,rep2,135.0,0.4267
rmsf_backbone_residue,drugs3003,rep2,136.0,0.441
rmsf_backbone_residue,drugs3003,rep2,137.0,0.5326
rmsf_backbone_residue,drugs3003,rep2,138.0,0.5418
rmsf_backbone_residue,drugs3003,rep2,139.0,0.5056
rmsf_backbone_residue,drugs3003,rep2,140.0,0.5715
rmsf_backbone_residue,drugs3003,rep2,141.0,0.6677
rmsf_backbone_residue,drugs3003,rep2,142.0,0.622
rmsf_backbone_residue,drugs3003,rep2,143.0,0.5876
rmsf_backbone_residue,drugs3003,rep2,144.0,0.4887
rmsf_backbone_residue,drugs3003,rep2,145.0,0.4366
rmsf_backbone_residue,drugs3003,rep2,146.0,0.4572
rmsf_backbone_residue,drugs3003,rep2,147.0,0.4197
rmsf_backbone_residue,drugs3003,rep2,148.0,0.3425
rmsf_backbone_residue,drugs3003,rep2,149.0,0.3405
rmsf_backbone_residue,drugs3003,rep2,150.0,0.3312
rmsf_backbone_residue,drugs3003,rep2,151.0,0.3084
rmsf_backbone_residue,drugs3003,rep2,152.0,0.3286
rmsf_backbone_residue,drugs3003,rep2,153.0,0.3345
rmsf_backbone_residue,drugs3003,rep2,154.0,0.4004
rmsf_backbone_residue,drugs3003,rep2,155.0,0.387
rmsf_backbone_residue,drugs3003,rep2,156.0,0.3667
rmsf_backbone_residue,drugs3003,rep2,157.0,0.3089
rmsf_backbone_residue,drugs3003,rep2,158.0,0.2894
rmsf_backbone_residue,drugs3003,rep2,159.0,0.2944
rmsf_backbone_residue,drugs3003,rep2,160.0,0.3548
rmsf_backbone_residue,drugs3003,rep2,161.0,0.4615
rmsf_backbone_residue,drugs3003,rep2,162.0,0.4757
rmsf_backbone_residue,drugs3003,rep2,163.0,0.4584
rmsf_backbone_residue,drugs3003,rep2,164.0,0.5172
rmsf_backbone_residue,drugs3003,rep2,165.0,0.4902
rmsf_backbone_residue,drugs3003,rep2,166.0,0.445
rmsf_backbone_residue,drugs3003,rep2,167.0,0.4832
rmsf_backbone_residue,drugs3003,rep2,168.0,0.5728
rmsf_backbone_residue,drugs3003,rep2,169.0,0.5268
rmsf_backbone_residue,drugs3003,rep2,170.0,0.5581
rmsf_backbone_residue,drugs3003,rep2,171.0,0.5495
rmsf_backbone_residue,drugs3003,rep2,172.0,0.6761
rmsf_backbone_residue,drugs3003,rep2,173.0,0.6745
rmsf_backbone_residue,drugs3003,rep2,174.0,0.5779
rmsf_backbone_residue,drugs3003,rep2,175.0,0.5427
rmsf_backbone_residue,drugs3003,rep2,176.0,0.4788
rmsf_backbone_residue,drugs3003,rep2,177.0,0.4264
rmsf_backbone_residue,drugs3003,rep2,178.0,0.4191
rmsf_backbone_residue,drugs3003,rep2,179.0,0.4263
rmsf_backbone_residue,drugs3003,rep2,180.0,0.4946
rmsf_backbone_residue,drugs3003,rep2,181.0,0.5744
rmsf_backbone_residue,drugs3003,rep3,1.0,1.0093
rmsf_backbone_residue,drugs3003,rep3,2.0,0.934
rmsf_backbone_residue,drugs3003,rep3,3.0,0.8192
rmsf_backbone_residue,drugs3003,rep3,4.0,0.7949
rmsf_backbone_residue,drugs3003,rep3,5.0,0.6559
rmsf_backbone_residue,drugs3003,rep3,6.0,0.5971
rmsf_backbone_residue,drugs3003,rep3,7.0,0.4839
rmsf_backbone_residue,drugs3003,rep3,8.0,0.4669
rmsf_backbone_residue,drugs3003,rep3,9.0,0.4619
rmsf_backbone_residue,drugs3003,rep3,10.0,0.5146
rmsf_backbone_residue,drugs3003,rep3,11.0,0.5406
rmsf_backbone_residue,drugs3003,rep3,12.0,0.5486
rmsf_backbone_residue,drugs3003,rep3,13.0,0.609
rmsf_backbone_residue,drugs3003,rep3,14.0,0.6
rmsf_backbone_residue,drugs3003,rep3,15.0,0.5916
rmsf_backbone_residue,drugs3003,rep3,16.0,0.615
rmsf_backbone_residue,drugs3003,rep3,17.0,0.6992
rmsf_backbone_residue,drugs3003,rep3,18.0,0.7111
rmsf_backbone_residue,drugs3003,rep3,19.0,0.6755
rmsf_backbone_residue,drugs3003,rep3,20.0,0.5471
rmsf_backbone_residue,drugs3003,rep3,21.0,0.5595
rmsf_backbone_residue,drugs3003,rep3,22.0,0.5731
rmsf_backbone_residue,drugs3003,rep3,23.0,0.4856
rmsf_backbone_residue,drugs3003,rep3,24.0,0.4176
rmsf_backbone_residue,drugs3003,rep3,25.0,0.4611
rmsf_backbone_residue,drugs3003,rep3,26.0,0.4312
rmsf_backbone_residue,drugs3003,rep3,27.0,0.3306
rmsf_backbone_residue,drugs3003,rep3,28.0,0.3382
rmsf_backbone_residue,drugs3003,rep3,29.0,0.3815
rmsf_backbone_residue,drugs3003,rep3,30.0,0.3146
rmsf_backbone_residue,drugs3003,rep3,31.0,0.2607
rmsf_backbone_residue,drugs3003,rep3,32.0,0.3303
rmsf_backbone_residue,drugs3003,rep3,33.0,0.3344
rmsf_backbone_residue,drugs3003,rep3,34.0,0.2675
rmsf_backbone_residue,drugs3003,rep3,35.0,0.3
rmsf_backbone_residue,drugs3003,rep3,36.0,0.3545
rmsf_backbone_residue,drugs3003,rep3,37.0,0.3268
rmsf_backbone_residue,drugs3003,rep3,38.0,0.3195
rmsf_backbone_residue,drugs3003,rep3,39.0,0.3707
rmsf_backbone_residue,drugs3003,rep3,40.0,0.3754
rmsf_backbone_residue,drugs3003,rep3,41.0,0.3626
rmsf_backbone_residue,drugs3003,rep3,42.0,0.3951
rmsf_backbone_residue,drugs3003,rep3,43.0,0.4193
rmsf_backbone_residue,drugs3003,rep3,44.0,0.4088
rmsf_backbone_residue,drugs3003,rep3,45.0,0.4289
rmsf_backbone_residue,drugs3003,rep3,46.0,0.4625
rmsf_backbone_residue,drugs3003,rep3,47.0,0.4548
rmsf_backbone_residue,drugs3003,rep3,48.0,0.458
rmsf_backbone_residue,drugs3003,rep3,49.0,0.4985
rmsf_backbone_residue,drugs3003,rep3,50.0,0.5119
rmsf_backbone_residue,drugs3003,rep3,51.0,0.4986
rmsf_backbone_residue,drugs3003,rep3,52.0,0.5266
rmsf_backbone_residue,drugs3003,rep3,53.0,0.5539
rmsf_backbone_residue,drugs3003,rep3,54.0,0.5301
rmsf_backbone_residue,drugs3003,rep3,55.0,0.5219
rmsf_backbone_residue,drugs3003,rep3,56.0,0.5398
rmsf_backbone_residue,drugs3003,rep3,57.0,0.5331
rmsf_backbone_residue,drugs3003,rep3,58.0,0.5088
rmsf_backbone_residue,drugs3003,rep3,59.0,0.5101
rmsf_backbone_residue,drugs3003,rep3,60.0,0.519
rmsf_backbone_residue,drugs3003,rep3,61.0,0.5071
rmsf_backbone_residue,drugs3003,rep3,62.0,0.4925
rmsf_backbone_residue,drugs3003,rep3,63.0,0.4957
rmsf_backbone_residue,drugs3003,rep3,64.0,0.5021
rmsf_backbone_residue,drugs3003,rep3,65.0,0.4906
rmsf_backbone_residue,drugs3003,rep3,66.0,0.4796
rmsf_backbone_residue,drugs3003,rep3,67.0,0.4834
rmsf_backbone_residue,drugs3003,rep3,68.0,0.485
rmsf_backbone_residue,drugs3003,rep3,69.0,0.472
rmsf_backbone_residue,drugs3003,rep3,70.0,0.4502
rmsf_backbone_residue,drugs3003,rep3,71.0,0.4401
rmsf_backbone_residue,drugs3003,rep3,72.0,0.4412
rmsf_backbone_residue,drugs3003,rep3,73.0,0.4168
rmsf_backbone_residue,drugs3003,rep3,74.0,0.3634
rmsf_backbone_residue,drugs3003,rep3,75.0,0.349
rmsf_backbone_residue,drugs3003,rep3,76.0,0.3514
rmsf_backbone_residue,drugs3003,rep3,77.0,0.2997
rmsf_backbone_residue,drugs3003,rep3,78.0,0.2567
rmsf_backbone_residue,drugs3003,rep3,79.0,0.2848
rmsf_backbone_residue,drugs3003,rep3,80.0,0.2778
rmsf_backbone_residue,drugs3003,rep3,81.0,0.2497
rmsf_backbone_residue,drugs3003,rep3,82.0,0.304
rmsf_backbone_residue,drugs3003,rep3,83.0,0.3323
rmsf_backbone_residue,drugs3003,rep3,84.0,0.4142
rmsf_backbone_residue,drugs3003,rep3,85.0,0.466
rmsf_backbone_residue,drugs3003,rep3,86.0,0.5411
rmsf_backbone_residue,drugs3003,rep3,87.0,0.5732
rmsf_backbone_residue,drugs3003,rep3,88.0,0.6461
rmsf_backbone_residue,drugs3003,rep3,89.0,0.7179
rmsf_backbone_residue,drugs3003,rep3,90.0,0.7556
rmsf_backbone_residue,drugs3003,rep3,91.0,0.6844
rmsf_backbone_residue,drugs3003,rep3,92.0,0.6358
rmsf_backbone_residue,drugs3003,rep3,93.0,0.6058
rmsf_backbone_residue,drugs3003,rep3,94.0,0.5473
rmsf_backbone_residue,drugs3003,rep3,95.0,0.5542
rmsf_backbone_residue,drugs3003,rep3,96.0,0.5254
rmsf_backbone_residue,drugs3003,rep3,97.0,0.5704
rmsf_backbone_residue,drugs3003,rep3,98.0,0.5198
rmsf_backbone_residue,drugs3003,rep3,99.0,0.5321
rmsf_backbone_residue,drugs3003,rep3,100.0,0.4304
rmsf_backbone_residue,drugs3003,rep3,101.0,0.3681
rmsf_backbone_residue,drugs3003,rep3,102.0,0.2866
rmsf_backbone_residue,drugs3003,rep3,103.0,0.2082
rmsf_backbone_residue,drugs3003,rep3,104.0,0.2504
rmsf_backbone_residue,drugs3003,rep3,105.0,0.3626
rmsf_backbone_residue,drugs3003,rep3,106.0,0.4886
rmsf_backbone_residue,drugs3003,rep3,107.0,0.5296
rmsf_backbone_residue,drugs3003,rep3,108.0,0.4142
rmsf_backbone_residue,drugs3003,rep3,109.0,0.3254
rmsf_backbone_residue,drugs3003,rep3,110.0,0.2402
rmsf_backbone_residue,drugs3003,rep3,111.0,0.2577
rmsf_backbone_residue,drugs3003,rep3,112.0,0.2979
rmsf_backbone_residue,drugs3003,rep3,113.0,0.355
rmsf_backbone_residue,drugs3003,rep3,114.0,0.4668
rmsf_backbone_residue,drugs3003,rep3,115.0,0.4712
rmsf_backbone_residue,drugs3003,rep3,116.0,0.5103
rmsf_backbone_residue,drugs3003,rep3,117.0,0.4515
rmsf_backbone_residue,drugs3003,rep3,118.0,0.4258
rmsf_backbone_residue,drugs3003,rep3,119.0,0.3653
rmsf_backbone_residue,drugs3003,rep3,120.0,0.3961
rmsf_backbone_residue,drugs3003,rep3,121.0,0.4101
rmsf_backbone_residue,drugs3003,rep3,122.0,0.3436
rmsf_backbone_residue,drugs3003,rep3,123.0,0.3513
rmsf_backbone_residue,drugs3003,rep3,124.0,0.4238
rmsf_backbone_residue,drugs3003,rep3,125.0,0.418
rmsf_backbone_residue,drugs3003,rep3,126.0,0.3919
rmsf_backbone_residue,drugs3003,rep3,127.0,0.4725
rmsf_backbone_residue,drugs3003,rep3,128.0,0.5391
rmsf_backbone_residue,drugs3003,rep3,129.0,0.5117
rmsf_backbone_residue,drugs3003,rep3,130.0,0.5114
rmsf_backbone_residue,drugs3003,rep3,131.0,0.407
rmsf_backbone_residue,drugs3003,rep3,132.0,0.311
rmsf_backbone_residue,drugs3003,rep3,133.0,0.2561
rmsf_backbone_residue,drugs3003,rep3,134.0,0.2397
rmsf_backbone_residue,drugs3003,rep3,135.0,0.3149
rmsf_backbone_residue,drugs3003,rep3,136.0,0.3627
rmsf_backbone_residue,drugs3003,rep3,137.0,0.4574
rmsf_backbone_residue,drugs3003,rep3,138.0,0.408
rmsf_backbone_residue,drugs3003,rep3,139.0,0.339
rmsf_backbone_residue,drugs3003,rep3,140.0,0.4378
rmsf_backbone_residue,drugs3003,rep3,141.0,0.4798
rmsf_backbone_residue,drugs3003,rep3,142.0,0.3873
rmsf_backbone_residue,drugs3003,rep3,143.0,0.3291
rmsf_backbone_residue,drugs3003,rep3,144.0,0.2344
rmsf_backbone_residue,drugs3003,rep3,145.0,0.2673
rmsf_backbone_residue,drugs3003,rep3,146.0,0.2849
rmsf_backbone_residue,drugs3003,rep3,147.0,0.21
rmsf_backbone_residue,drugs3003,rep3,148.0,0.2138
rmsf_backbone_residue,drugs3003,rep3,149.0,0.3072
rmsf_backbone_residue,drugs3003,rep3,150.0,0.3595
rmsf_backbone_residue,drugs3003,rep3,151.0,0.2829
rmsf_backbone_residue,drugs3003,rep3,152.0,0.245
rmsf_backbone_residue,drugs3003,rep3,153.0,0.2688
rmsf_backbone_residue,drugs3003,rep3,154.0,0.3201
rmsf_backbone_residue,drugs3003,rep3,155.0,0.3811
rmsf_backbone_residue,drugs3003,rep3,156.0,0.3755
rmsf_backbone_residue,drugs3003,rep3,157.0,0.3653
rmsf_backbone_residue,drugs3003,rep3,158.0,0.3736
rmsf_backbone_residue,drugs3003,rep3,159.0,0.3451
rmsf_backbone_residue,drugs3003,rep3,160.0,0.4161
rmsf_backbone_residue,drugs3003,rep3,161.0,0.49
rmsf_backbone_residue,drugs3003,rep3,162.0,0.5589
rmsf_backbone_residue,drugs3003,rep3,163.0,0.6481
rmsf_backbone_residue,drugs3003,rep3,164.0,0.6496
rmsf_backbone_residue,drugs3003,rep3,165.0,0.6507
rmsf_backbone_residue,drugs3003,rep3,166.0,0.5945
rmsf_backbone_residue,drugs3003,rep3,167.0,0.6774
rmsf_backbone_residue,drugs3003,rep3,168.0,0.7263
rmsf_backbone_residue,drugs3003,rep3,169.0,0.6629
rmsf_backbone_residue,drugs3003,rep3,170.0,0.6314
rmsf_backbone_residue,drugs3003,rep3,171.0,0.5339
rmsf_backbone_residue,drugs3003,rep3,172.0,0.5719
rmsf_backbone_residue,drugs3003,rep3,173.0,0.6183
rmsf_backbone_residue,drugs3003,rep3,174.0,0.5492
rmsf_backbone_residue,drugs3003,rep3,175.0,0.5175
rmsf_backbone_residue,drugs3003,rep3,176.0,0.4182
rmsf_backbone_residue,drugs3003,rep3,177.0,0.3391
rmsf_backbone_residue,drugs3003,rep3,178.0,0.2578
rmsf_backbone_residue,drugs3003,rep3,179.0,0.2
rmsf_backbone_residue,drugs3003,rep3,180.0,0.2457
rmsf_backbone_residue,drugs3003,rep3,181.0,0.3362
rmsf_backbone_residue,drugs3523,rep1,1.0,1.7262
rmsf_backbone_residue,drugs3523,rep1,2.0,1.7151
rmsf_backbone_residue,drugs3523,rep1,3.0,1.5158
rmsf_backbone_residue,drugs3523,rep1,4.0,1.3855
rmsf_backbone_residue,drugs3523,rep1,5.0,1.1745
rmsf_backbone_residue,drugs3523,rep1,6.0,1.2275
rmsf_backbone_residue,drugs3523,rep1,7.0,1.1833
rmsf_backbone_residue,drugs3523,rep1,8.0,1.0403
rmsf_backbone_residue,drugs3523,rep1,9.0,1.1371
rmsf_backbone_residue,drugs3523,rep1,10.0,1.0976
rmsf_backbone_residue,drugs3523,rep1,11.0,1.1616
rmsf_backbone_residue,drugs3523,rep1,12.0,1.2066
rmsf_backbone_residue,drugs3523,rep1,13.0,1.1893
rmsf_backbone_residue,drugs3523,rep1,14.0,1.2276
rmsf_backbone_residue,drugs3523,rep1,15.0,1.2439
rmsf_backbone_residue,drugs3523,rep1,16.0,1.2632
rmsf_backbone_residue,drugs3523,rep1,17.0,1.2149
rmsf_backbone_residue,drugs3523,rep1,18.0,1.1471
rmsf_backbone_residue,drugs3523,rep1,19.0,1.0832
rmsf_backbone_residue,drugs3523,rep1,20.0,1.0657
rmsf_backbone_residue,drugs3523,rep1,21.0,0.9665
rmsf_backbone_residue,drugs3523,rep1,22.0,0.9893
rmsf_backbone_residue,drugs3523,rep1,23.0,1.0362
rmsf_backbone_residue,drugs3523,rep1,24.0,0.9711
rmsf_backbone_residue,drugs3523,rep1,25.0,0.8825
rmsf_backbone_residue,drugs3523,rep1,26.0,0.895
rmsf_backbone_residue,drugs3523,rep1,27.0,0.9017
rmsf_backbone_residue,drugs3523,rep1,28.0,0.8942
rmsf_backbone_residue,drugs3523,rep1,29.0,0.8255
rmsf_backbone_residue,drugs3523,rep1,30.0,0.7705
rmsf_backbone_residue,drugs3523,rep1,31.0,0.7565
rmsf_backbone_residue,drugs3523,rep1,32.0,0.7287
rmsf_backbone_residue,drugs3523,rep1,33.0,0.6834
rmsf_backbone_residue,drugs3523,rep1,34.0,0.6742
rmsf_backbone_residue,drugs3523,rep1,35.0,0.6749
rmsf_backbone_residue,drugs3523,rep1,36.0,0.6331
rmsf_backbone_residue,drugs3523,rep1,37.0,0.6174
rmsf_backbone_residue,drugs3523,rep1,38.0,0.6478
rmsf_backbone_residue,drugs3523,rep1,39.0,0.6515
rmsf_backbone_residue,drugs3523,rep1,40.0,0.6248
rmsf_backbone_residue,drugs3523,rep1,41.0,0.6338
rmsf_backbone_residue,drugs3523,rep1,42.0,0.6537
rmsf_backbone_residue,drugs3523,rep1,43.0,0.6488
rmsf_backbone_residue,drugs3523,rep1,44.0,0.6495
rmsf_backbone_residue,drugs3523,rep1,45.0,0.6658
rmsf_backbone_residue,drugs3523,rep1,46.0,0.6688
rmsf_backbone_residue,drugs3523,rep1,47.0,0.6832
rmsf_backbone_residue,drugs3523,rep1,48.0,0.7054
rmsf_backbone_residue,drugs3523,rep1,49.0,0.6983
rmsf_backbone_residue,drugs3523,rep1,50.0,0.7082
rmsf_backbone_residue,drugs3523,rep1,51.0,0.7497
rmsf_backbone_residue,drugs3523,rep1,52.0,0.7498
rmsf_backbone_residue,drugs3523,rep1,53.0,0.7146
rmsf_backbone_residue,drugs3523,rep1,54.0,0.7332
rmsf_backbone_residue,drugs3523,rep1,55.0,0.7274
rmsf_backbone_residue,drugs3523,rep1,56.0,0.6498
rmsf_backbone_residue,drugs3523,rep1,57.0,0.6241
rmsf_backbone_residue,drugs3523,rep1,58.0,0.6794
rmsf_backbone_residue,drugs3523,rep1,59.0,0.6442
rmsf_backbone_residue,drugs3523,rep1,60.0,0.5482
rmsf_backbone_residue,drugs3523,rep1,61.0,0.5791
rmsf_backbone_residue,drugs3523,rep1,62.0,0.6127
rmsf_backbone_residue,drugs3523,rep1,63.0,0.5173
rmsf_backbone_residue,drugs3523,rep1,64.0,0.4396
rmsf_backbone_residue,drugs3523,rep1,65.0,0.5021
rmsf_backbone_residue,drugs3523,rep1,66.0,0.4933
rmsf_backbone_residue,drugs3523,rep1,67.0,0.3834
rmsf_backbone_residue,drugs3523,rep1,68.0,0.37
rmsf_backbone_residue,drugs3523,rep1,69.0,0.446
rmsf_backbone_residue,drugs3523,rep1,70.0,0.4201
rmsf_backbone_residue,drugs3523,rep1,71.0,0.3351
rmsf_backbone_residue,drugs3523,rep1,72.0,0.3817
rmsf_backbone_residue,drugs3523,rep1,73.0,0.4475
rmsf_backbone_residue,drugs3523,rep1,74.0,0.413
rmsf_backbone_residue,drugs3523,rep1,75.0,0.423
rmsf_backbone_residue,drugs3523,rep1,76.0,0.4956
rmsf_backbone_residue,drugs3523,rep1,77.0,0.5665
rmsf_backbone_residue,drugs3523,rep1,78.0,0.7009
rmsf_backbone_residue,drugs3523,rep1,79.0,0.7861
rmsf_backbone_residue,drugs3523,rep1,80.0,0.8501
rmsf_backbone_residue,drugs3523,rep1,81.0,0.9537
rmsf_backbone_residue,drugs3523,rep1,82.0,1.0428
rmsf_backbone_residue,drugs3523,rep1,83.0,0.8825
rmsf_backbone_residue,drugs3523,rep1,84.0,0.8429
rmsf_backbone_residue,drugs3523,rep1,85.0,0.7457
rmsf_backbone_residue,drugs3523,rep1,86.0,0.7442
rmsf_backbone_residue,drugs3523,rep1,87.0,0.7332
rmsf_backbone_residue,drugs3523,rep1,88.0,0.7268
rmsf_backbone_residue,drugs3523,rep1,89.0,0.6359
rmsf_backbone_residue,drugs3523,rep1,90.0,0.6439
rmsf_backbone_residue,drugs3523,rep1,91.0,0.5729
rmsf_backbone_residue,drugs3523,rep1,92.0,0.6179
rmsf_backbone_residue,drugs3523,rep1,93.0,0.6761
rmsf_backbone_residue,drugs3523,rep1,94.0,0.7078
rmsf_backbone_residue,drugs3523,rep1,95.0,0.8213
rmsf_backbone_residue,drugs3523,rep1,96.0,0.7901
rmsf_backbone_residue,drugs3523,rep1,97.0,0.8809
rmsf_backbone_residue,drugs3523,rep1,98.0,0.7982
rmsf_backbone_residue,drugs3523,rep1,99.0,0.7587
rmsf_backbone_residue,drugs3523,rep1,100.0,0.6823
rmsf_backbone_residue,drugs3523,rep1,101.0,0.7209
rmsf_backbone_residue,drugs3523,rep1,102.0,0.6147
rmsf_backbone_residue,drugs3523,rep1,103.0,0.5024
rmsf_backbone_residue,drugs3523,rep1,104.0,0.4399
rmsf_backbone_residue,drugs3523,rep1,105.0,0.364
rmsf_backbone_residue,drugs3523,rep1,106.0,0.3811
rmsf_backbone_residue,drugs3523,rep1,107.0,0.441
rmsf_backbone_residue,drugs3523,rep1,108.0,0.4013
rmsf_backbone_residue,drugs3523,rep1,109.0,0.4606
rmsf_backbone_residue,drugs3523,rep1,110.0,0.4765
rmsf_backbone_residue,drugs3523,rep1,111.0,0.5436
rmsf_backbone_residue,drugs3523,rep1,112.0,0.6431
rmsf_backbone_residue,drugs3523,rep1,113.0,0.6727
rmsf_backbone_residue,drugs3523,rep1,114.0,0.7845
rmsf_backbone_residue,drugs3523,rep1,115.0,0.7431
rmsf_backbone_residue,drugs3523,rep1,116.0,0.7415
rmsf_backbone_residue,drugs3523,rep1,117.0,0.6397
rmsf_backbone_residue,drugs3523,rep1,118.0,0.586
rmsf_backbone_residue,drugs3523,rep1,119.0,0.5117
rmsf_backbone_residue,drugs3523,rep1,120.0,0.5619
rmsf_backbone_residue,drugs3523,rep1,121.0,0.6042
rmsf_backbone_residue,drugs3523,rep1,122.0,0.5391
rmsf_backbone_residue,drugs3523,rep1,123.0,0.5302
rmsf_backbone_residue,drugs3523,rep1,124.0,0.6358
rmsf_backbone_residue,drugs3523,rep1,125.0,0.6525
rmsf_backbone_residue,drugs3523,rep1,126.0,0.6005
rmsf_backbone_residue,drugs3523,rep1,127.0,0.676
rmsf_backbone_residue,drugs3523,rep1,128.0,0.7772
rmsf_backbone_residue,drugs3523,rep1,129.0,0.728
rmsf_backbone_residue,drugs3523,rep1,130.0,0.6819
rmsf_backbone_residue,drugs3523,rep1,131.0,0.562
rmsf_backbone_residue,drugs3523,rep1,132.0,0.4401
rmsf_backbone_residue,drugs3523,rep1,133.0,0.3658
rmsf_backbone_residue,drugs3523,rep1,134.0,0.3278
rmsf_backbone_residue,drugs3523,rep1,135.0,0.3531
rmsf_backbone_residue,drugs3523,rep1,136.0,0.4239
rmsf_backbone_residue,drugs3523,rep1,137.0,0.4604
rmsf_backbone_residue,drugs3523,rep1,138.0,0.3979
rmsf_backbone_residue,drugs3523,rep1,139.0,0.4203
rmsf_backbone_residue,drugs3523,rep1,140.0,0.5301
rmsf_backbone_residue,drugs3523,rep1,141.0,0.5353
rmsf_backbone_residue,drugs3523,rep1,142.0,0.5107
rmsf_backbone_residue,drugs3523,rep1,143.0,0.5418
rmsf_backbone_residue,drugs3523,rep1,144.0,0.4903
rmsf_backbone_residue,drugs3523,rep1,145.0,0.5433
rmsf_backbone_residue,drugs3523,rep1,146.0,0.6278
rmsf_backbone_residue,drugs3523,rep1,147.0,0.5745
rmsf_backbone_residue,drugs3523,rep1,148.0,0.5018
rmsf_backbone_residue,drugs3523,rep1,149.0,0.5621
rmsf_backbone_residue,drugs3523,rep1,150.0,0.579
rmsf_backbone_residue,drugs3523,rep1,151.0,0.4888
rmsf_backbone_residue,drugs3523,rep1,152.0,0.419
rmsf_backbone_residue,drugs3523,rep1,153.0,0.3834
rmsf_backbone_residue,drugs3523,rep1,154.0,0.4004
rmsf_backbone_residue,drugs3523,rep1,155.0,0.4679
rmsf_backbone_residue,drugs3523,rep1,156.0,0.482
rmsf_backbone_residue,drugs3523,rep1,157.0,0.4848
rmsf_backbone_residue,drugs3523,rep1,158.0,0.5193
rmsf_backbone_residue,drugs3523,rep1,159.0,0.5135
rmsf_backbone_residue,drugs3523,rep1,160.0,0.6019
rmsf_backbone_residue,drugs3523,rep1,161.0,0.7195
rmsf_backbone_residue,drugs3523,rep1,162.0,0.7736
rmsf_backbone_residue,drugs3523,rep1,163.0,0.7856
rmsf_backbone_residue,drugs3523,rep1,164.0,0.8726
rmsf_backbone_residue,drugs3523,rep1,165.0,0.8332
rmsf_backbone_residue,drugs3523,rep1,166.0,0.7543
rmsf_backbone_residue,drugs3523,rep1,167.0,0.8451
rmsf_backbone_residue,drugs3523,rep1,168.0,0.8982
rmsf_backbone_residue,drugs3523,rep1,169.0,0.8153
rmsf_backbone_residue,drugs3523,rep1,170.0,0.7581
rmsf_backbone_residue,drugs3523,rep1,171.0,0.6552
rmsf_backbone_residue,drugs3523,rep1,172.0,0.6528
rmsf_backbone_residue,drugs3523,rep1,173.0,0.718
rmsf_backbone_residue,drugs3523,rep1,174.0,0.668
rmsf_backbone_residue,drugs3523,rep1,175.0,0.6739
rmsf_backbone_residue,drugs3523,rep1,176.0,0.6138
rmsf_backbone_residue,drugs3523,rep1,177.0,0.5703
rmsf_backbone_residue,drugs3523,rep1,178.0,0.5188
rmsf_backbone_residue,drugs3523,rep1,179.0,0.4417
rmsf_backbone_residue,drugs3523,rep1,180.0,0.4548
rmsf_backbone_residue,drugs3523,rep1,181.0,0.4671
rmsf_backbone_residue,drugs3523,rep2,1.0,1.3858
rmsf_backbone_residue,drugs3523,rep2,2.0,1.2335
rmsf_backbone_residue,drugs3523,rep2,3.0,1.1591
rmsf_backbone_residue,drugs3523,rep2,4.0,1.1172
rmsf_backbone_residue,drugs3523,rep2,5.0,1.0633
rmsf_backbone_residue,drugs3523,rep2,6.0,1.0304
rmsf_backbone_residue,drugs3523,rep2,7.0,1.0615
rmsf_backbone_residue,drugs3523,rep2,8.0,1.1666
rmsf_backbone_residue,drugs3523,rep2,9.0,1.213
rmsf_backbone_residue,drugs3523,rep2,10.0,1.1798
rmsf_backbone_residue,drugs3523,rep2,11.0,1.1516
rmsf_backbone_residue,drugs3523,rep2,12.0,1.0461
rmsf_backbone_residue,drugs3523,rep2,13.0,0.8855
rmsf_backbone_residue,drugs3523,rep2,14.0,0.8122
rmsf_backbone_residue,drugs3523,rep2,15.0,0.8816
rmsf_backbone_residue,drugs3523,rep2,16.0,0.9563
rmsf_backbone_residue,drugs3523,rep2,17.0,0.947
rmsf_backbone_residue,drugs3523,rep2,18.0,1.0164
rmsf_backbone_residue,drugs3523,rep2,19.0,1.052
rmsf_backbone_residue,drugs3523,rep2,20.0,0.9247
rmsf_backbone_residue,drugs3523,rep2,21.0,0.9535
rmsf_backbone_residue,drugs3523,rep2,22.0,0.9147
rmsf_backbone_residue,drugs3523,rep2,23.0,0.7716
rmsf_backbone_residue,drugs3523,rep2,24.0,0.7746
rmsf_backbone_residue,drugs3523,rep2,25.0,0.8354
rmsf_backbone_residue,drugs3523,rep2,26.0,0.7253
rmsf_backbone_residue,drugs3523,rep2,27.0,0.6532
rmsf_backbone_residue,drugs3523,rep2,28.0,0.7754
rmsf_backbone_residue,drugs3523,rep2,29.0,0.7477
rmsf_backbone_residue,drugs3523,rep2,30.0,0.6089
rmsf_backbone_residue,drugs3523,rep2,31.0,0.6218
rmsf_backbone_residue,drugs3523,rep2,32.0,0.6701
rmsf_backbone_residue,drugs3523,rep2,33.0,0.5766
rmsf_backbone_residue,drugs3523,rep2,34.0,0.4658
rmsf_backbone_residue,drugs3523,rep2,35.0,0.5188
rmsf_backbone_residue,drugs3523,rep2,36.0,0.5541
rmsf_backbone_residue,drugs3523,rep2,37.0,0.4607
rmsf_backbone_residue,drugs3523,rep2,38.0,0.4201
rmsf_backbone_residue,drugs3523,rep2,39.0,0.4931
rmsf_backbone_residue,drugs3523,rep2,40.0,0.5346
rmsf_backbone_residue,drugs3523,rep2,41.0,0.4823
rmsf_backbone_residue,drugs3523,rep2,42.0,0.4693
rmsf_backbone_residue,drugs3523,rep2,43.0,0.5625
rmsf_backbone_residue,drugs3523,rep2,44.0,0.6129
rmsf_backbone_residue,drugs3523,rep2,45.0,0.5743
rmsf_backbone_residue,drugs3523,rep2,46.0,0.5819
rmsf_backbone_residue,drugs3523,rep2,47.0,0.6984
rmsf_backbone_residue,drugs3523,rep2,48.0,0.7334
rmsf_backbone_residue,drugs3523,rep2,49.0,0.6757
rmsf_backbone_residue,drugs3523,rep2,50.0,0.7283
rmsf_backbone_residue,drugs3523,rep2,51.0,0.8535
rmsf_backbone_residue,drugs3523,rep2,52.0,0.8483
rmsf_backbone_residue,drugs3523,rep2,53.0,0.8037
rmsf_backbone_residue,drugs3523,rep2,54.0,0.9129
rmsf_backbone_residue,drugs3523,rep2,55.0,0.9942
rmsf_backbone_residue,drugs3523,rep2,56.0,0.9121
rmsf_backbone_residue,drugs3523,rep2,57.0,0.9093
rmsf_backbone_residue,drugs3523,rep2,58.0,1.0596
rmsf_backbone_residue,drugs3523,rep2,59.0,1.0738
rmsf_backbone_residue,drugs3523,rep2,60.0,0.9824
rmsf_backbone_residue,drugs3523,rep2,61.0,1.0791
rmsf_backbone_residue,drugs3523,rep2,62.0,1.1814
rmsf_backbone_residue,drugs3523,rep2,63.0,1.1169
rmsf_backbone_residue,drugs3523,rep2,64.0,1.093
rmsf_backbone_residue,drugs3523,rep2,65.0,1.176
rmsf_backbone_residue,drugs3523,rep2,66.0,1.1995
rmsf_backbone_residue,drugs3523,rep2,67.0,1.0965
rmsf_backbone_residue,drugs3523,rep2,68.0,1.0524
rmsf_backbone_residue,drugs3523,rep2,69.0,1.0415
rmsf_backbone_residue,drugs3523,rep2,70.0,0.8693
rmsf_backbone_residue,drugs3523,rep2,71.0,0.7377
rmsf_backbone_residue,drugs3523,rep2,72.0,0.6657
rmsf_backbone_residue,drugs3523,rep2,73.0,0.5566
rmsf_backbone_residue,drugs3523,rep2,74.0,0.4871
rmsf_backbone_residue,drugs3523,rep2,75.0,0.4094
rmsf_backbone_residue,drugs3523,rep2,76.0,0.3726
rmsf_backbone_residue,drugs3523,rep2,77.0,0.377
rmsf_backbone_residue,drugs3523,rep2,78.0,0.3748
rmsf_backbone_residue,drugs3523,rep2,79.0,0.3813
rmsf_backbone_residue,drugs3523,rep2,80.0,0.4049
rmsf_backbone_residue,drugs3523,rep2,81.0,0.4659
rmsf_backbone_residue,drugs3523,rep2,82.0,0.5158
rmsf_backbone_residue,drugs3523,rep2,83.0,0.5473
rmsf_backbone_residue,drugs3523,rep2,84.0,0.6326
rmsf_backbone_residue,drugs3523,rep2,85.0,0.5581
rmsf_backbone_residue,drugs3523,rep2,86.0,0.5863
rmsf_backbone_residue,drugs3523,rep2,87.0,0.6344
rmsf_backbone_residue,drugs3523,rep2,88.0,0.7738
rmsf_backbone_residue,drugs3523,rep2,89.0,0.8602
rmsf_backbone_residue,drugs3523,rep2,90.0,1.0131
rmsf_backbone_residue,drugs3523,rep2,91.0,0.9837
rmsf_backbone_residue,drugs3523,rep2,92.0,0.9628
rmsf_backbone_residue,drugs3523,rep2,93.0,0.9438
rmsf_backbone_residue,drugs3523,rep2,94.0,0.9319
rmsf_backbone_residue,drugs3523,rep2,95.0,0.9583
rmsf_backbone_residue,drugs3523,rep2,96.0,0.8922
rmsf_backbone_residue,drugs3523,rep2,97.0,0.7657
rmsf_backbone_residue,drugs3523,rep2,98.0,0.7413
rmsf_backbone_residue,drugs3523,rep2,99.0,0.7051
rmsf_backbone_residue,drugs3523,rep2,100.0,0.5859
rmsf_backbone_residue,drugs3523,rep2,101.0,0.4662
rmsf_backbone_residue,drugs3523,rep2,102.0,0.3954
rmsf_backbone_residue,drugs3523,rep2,103.0,0.39
rmsf_backbone_residue,drugs3523,rep2,104.0,0.5219
rmsf_backbone_residue,drugs3523,rep2,105.0,0.6207
rmsf_backbone_residue,drugs3523,rep2,106.0,0.7608
rmsf_backbone_residue,drugs3523,rep2,107.0,0.7635
rmsf_backbone_residue,drugs3523,rep2,108.0,0.618
rmsf_backbone_residue,drugs3523,rep2,109.0,0.4976
rmsf_backbone_residue,drugs3523,rep2,110.0,0.3468
rmsf_backbone_residue,drugs3523,rep2,111.0,0.3203
rmsf_backbone_residue,drugs3523,rep2,112.0,0.2875
rmsf_backbone_residue,drugs3523,rep2,113.0,0.3141
rmsf_backbone_residue,drugs3523,rep2,114.0,0.424
rmsf_backbone_residue,drugs3523,rep2,115.0,0.4843
rmsf_backbone_residue,drugs3523,rep2,116.0,0.5942
rmsf_backbone_residue,drugs3523,rep2,117.0,0.5961
rmsf_backbone_residue,drugs3523,rep2,118.0,0.6354
rmsf_backbone_residue,drugs3523,rep2,119.0,0.5936
rmsf_backbone_residue,drugs3523,rep2,120.0,0.6774
rmsf_backbone_residue,drugs3523,rep2,121.0,0.6501
rmsf_backbone_residue,drugs3523,rep2,122.0,0.5333
rmsf_backbone_residue,drugs3523,rep2,123.0,0.5838
rmsf_backbone_residue,drugs3523,rep2,124.0,0.6834
rmsf_backbone_residue,drugs3523,rep2,125.0,0.619
rmsf_backbone_residue,drugs3523,rep2,126.0,0.5977
rmsf_backbone_residue,drugs3523,rep2,127.0,0.7333
rmsf_backbone_residue,drugs3523,rep2,128.0,0.7885
rmsf_backbone_residue,drugs3523,rep2,129.0,0.7375
rmsf_backbone_residue,drugs3523,rep2,130.0,0.763
rmsf_backbone_residue,drugs3523,rep2,131.0,0.6302
rmsf_backbone_residue,drugs3523,rep2,132.0,0.4895
rmsf_backbone_residue,drugs3523,rep2,133.0,0.3946
rmsf_backbone_residue,drugs3523,rep2,134.0,0.3287
rmsf_backbone_residue,drugs3523,rep2,135.0,0.3747
rmsf_backbone_residue,drugs3523,rep2,136.0,0.4026
rmsf_backbone_residue,drugs3523,rep2,137.0,0.4952
rmsf_backbone_residue,drugs3523,rep2,138.0,0.4987
rmsf_backbone_residue,drugs3523,rep2,139.0,0.4552
rmsf_backbone_residue,drugs3523,rep2,140.0,0.5436
rmsf_backbone_residue,drugs3523,rep2,141.0,0.6336
rmsf_backbone_residue,drugs3523,rep2,142.0,0.5653
rmsf_backbone_residue,drugs3523,rep2,143.0,0.5262
rmsf_backbone_residue,drugs3523,rep2,144.0,0.3948
rmsf_backbone_residue,drugs3523,rep2,145.0,0.4285
rmsf_backbone_residue,drugs3523,rep2,146.0,0.4414
rmsf_backbone_residue,drugs3523,rep2,147.0,0.3235
rmsf_backbone_residue,drugs3523,rep2,148.0,0.2824
rmsf_backbone_residue,drugs3523,rep2,149.0,0.3791
rmsf_backbone_residue,drugs3523,rep2,150.0,0.4385
rmsf_backbone_residue,drugs3523,rep2,151.0,0.3503
rmsf_backbone_residue,drugs3523,rep2,152.0,0.3322
rmsf_backbone_residue,drugs3523,rep2,153.0,0.366
rmsf_backbone_residue,drugs3523,rep2,154.0,0.4367
rmsf_backbone_residue,drugs3523,rep2,155.0,0.5059
rmsf_backbone_residue,drugs3523,rep2,156.0,0.5286
rmsf_backbone_residue,drugs3523,rep2,157.0,0.4773
rmsf_backbone_residue,drugs3523,rep2,158.0,0.4583
rmsf_backbone_residue,drugs3523,rep2,159.0,0.4016
rmsf_backbone_residue,drugs3523,rep2,160.0,0.525
rmsf_backbone_residue,drugs3523,rep2,161.0,0.6735
rmsf_backbone_residue,drugs3523,rep2,162.0,0.7372
rmsf_backbone_residue,drugs3523,rep2,163.0,0.7493
rmsf_backbone_residue,drugs3523,rep2,164.0,0.8381
rmsf_backbone_residue,drugs3523,rep2,165.0,0.7568
rmsf_backbone_residue,drugs3523,rep2,166.0,0.7069
rmsf_backbone_residue,drugs3523,rep2,167.0,0.8337
rmsf_backbone_residue,drugs3523,rep2,168.0,0.8736
rmsf_backbone_residue,drugs3523,rep2,169.0,0.7868
rmsf_backbone_residue,drugs3523,rep2,170.0,0.7919
rmsf_backbone_residue,drugs3523,rep2,171.0,0.7352
rmsf_backbone_residue,drugs3523,rep2,172.0,0.8832
rmsf_backbone_residue,drugs3523,rep2,173.0,0.8932
rmsf_backbone_residue,drugs3523,rep2,174.0,0.7627
rmsf_backbone_residue,drugs3523,rep2,175.0,0.6741
rmsf_backbone_residue,drugs3523,rep2,176.0,0.5107
rmsf_backbone_residue,drugs3523,rep2,177.0,0.3777
rmsf_backbone_residue,drugs3523,rep2,178.0,0.2738
rmsf_backbone_residue,drugs3523,rep2,179.0,0.2687
rmsf_backbone_residue,drugs3523,rep2,180.0,0.3717
rmsf_backbone_residue,drugs3523,rep2,181.0,0.5145
rmsf_backbone_residue,drugs3523,rep3,1.0,1.5368
rmsf_backbone_residue,drugs3523,rep3,2.0,1.4108
rmsf_backbone_residue,drugs3523,rep3,3.0,1.1762
rmsf_backbone_residue,drugs3523,rep3,4.0,1.0432
rmsf_backbone_residue,drugs3523,rep3,5.0,0.9315
rmsf_backbone_residue,drugs3523,rep3,6.0,0.7365
rmsf_backbone_residue,drugs3523,rep3,7.0,0.6416
rmsf_backbone_residue,drugs3523,rep3,8.0,0.5813
rmsf_backbone_residue,drugs3523,rep3,9.0,0.5377
rmsf_backbone_residue,drugs3523,rep3,10.0,0.5352
rmsf_backbone_residue,drugs3523,rep3,11.0,0.5262
rmsf_backbone_residue,drugs3523,rep3,12.0,0.572
rmsf_backbone_residue,drugs3523,rep3,13.0,0.5857
rmsf_backbone_residue,drugs3523,rep3,14.0,0.6369
rmsf_backbone_residue,drugs3523,rep3,15.0,0.6478
rmsf_backbone_residue,drugs3523,rep3,16.0,0.6912
rmsf_backbone_residue,drugs3523,rep3,17.0,0.6627
rmsf_backbone_residue,drugs3523,rep3,18.0,0.6441
rmsf_backbone_residue,drugs3523,rep3,19.0,0.5459
rmsf_backbone_residue,drugs3523,rep3,20.0,0.4842
rmsf_backbone_residue,drugs3523,rep3,21.0,0.4578
rmsf_backbone_residue,drugs3523,rep3,22.0,0.4326
rmsf_backbone_residue,drugs3523,rep3,23.0,0.3955
rmsf_backbone_residue,drugs3523,rep3,24.0,0.362
rmsf_backbone_residue,drugs3523,rep3,25.0,0.3407
rmsf_backbone_residue,drugs3523,rep3,26.0,0.3231
rmsf_backbone_residue,drugs3523,rep3,27.0,0.3037
rmsf_backbone_residue,drugs3523,rep3,28.0,0.2928
rmsf_backbone_residue,drugs3523,rep3,29.0,0.2889
rmsf_backbone_residue,drugs3523,rep3,30.0,0.2725
rmsf_backbone_residue,drugs3523,rep3,31.0,0.2627
rmsf_backbone_residue,drugs3523,rep3,32.0,0.2886
rmsf_backbone_residue,drugs3523,rep3,33.0,0.312
rmsf_backbone_residue,drugs3523,rep3,34.0,0.3052
rmsf_backbone_residue,drugs3523,rep3,35.0,0.3369
rmsf_backbone_residue,drugs3523,rep3,36.0,0.3833
rmsf_backbone_residue,drugs3523,rep3,37.0,0.4025
rmsf_backbone_residue,drugs3523,rep3,38.0,0.4047
rmsf_backbone_residue,drugs3523,rep3,39.0,0.4305
rmsf_backbone_residue,drugs3523,rep3,40.0,0.4453
rmsf_backbone_residue,drugs3523,rep3,41.0,0.4251
rmsf_backbone_residue,drugs3523,rep3,42.0,0.4279
rmsf_backbone_residue,drugs3523,rep3,43.0,0.456
rmsf_backbone_residue,drugs3523,rep3,44.0,0.4594
rmsf_backbone_residue,drugs3523,rep3,45.0,0.4449
rmsf_backbone_residue,drugs3523,rep3,46.0,0.4632
rmsf_backbone_residue,drugs3523,rep3,47.0,0.4852
rmsf_backbone_residue,drugs3523,rep3,48.0,0.477
rmsf_backbone_residue,drugs3523,rep3,49.0,0.4764
rmsf_backbone_residue,drugs3523,rep3,50.0,0.5059
rmsf_backbone_residue,drugs3523,rep3,51.0,0.5187
rmsf_backbone_residue,drugs3523,rep3,52.0,0.5061
rmsf_backbone_residue,drugs3523,rep3,53.0,0.5155
rmsf_backbone_residue,drugs3523,rep3,54.0,0.5348
rmsf_backbone_residue,drugs3523,rep3,55.0,0.5163
rmsf_backbone_residue,drugs3523,rep3,56.0,0.4903
rmsf_backbone_residue,drugs3523,rep3,57.0,0.5097
rmsf_backbone_residue,drugs3523,rep3,58.0,0.5218
rmsf_backbone_residue,drugs3523,rep3,59.0,0.485
rmsf_backbone_residue,drugs3523,rep3,60.0,0.4788
rmsf_backbone_residue,drugs3523,rep3,61.0,0.5154
rmsf_backbone_residue,drugs3523,rep3,62.0,0.5075
rmsf_backbone_residue,drugs3523,rep3,63.0,0.4684
rmsf_backbone_residue,drugs3523,rep3,64.0,0.4925
rmsf_backbone_residue,drugs3523,rep3,65.0,0.5291
rmsf_backbone_residue,drugs3523,rep3,66.0,0.4978
rmsf_backbone_residue,drugs3523,rep3,67.0,0.4786
rmsf_backbone_residue,drugs3523,rep3,68.0,0.531
rmsf_backbone_residue,drugs3523,rep3,69.0,0.5454
rmsf_backbone_residue,drugs3523,rep3,70.0,0.5044
rmsf_backbone_residue,drugs3523,rep3,71.0,0.5277
rmsf_backbone_residue,drugs3523,rep3,72.0,0.5859
rmsf_backbone_residue,drugs3523,rep3,73.0,0.5628
rmsf_backbone_residue,drugs3523,rep3,74.0,0.5289
rmsf_backbone_residue,drugs3523,rep3,75.0,0.562
rmsf_backbone_residue,drugs3523,rep3,76.0,0.4951
rmsf_backbone_residue,drugs3523,rep3,77.0,0.4139
rmsf_backbone_residue,drugs3523,rep3,78.0,0.4806
rmsf_backbone_residue,drugs3523,rep3,79.0,0.4793
rmsf_backbone_residue,drugs3523,rep3,80.0,0.4592
rmsf_backbone_residue,drugs3523,rep3,81.0,0.5341
rmsf_backbone_residue,drugs3523,rep3,82.0,0.5814
rmsf_backbone_residue,drugs3523,rep3,83.0,0.6206
rmsf_backbone_residue,drugs3523,rep3,84.0,0.6654
rmsf_backbone_residue,drugs3523,rep3,85.0,0.8044
rmsf_backbone_residue,drugs3523,rep3,86.0,0.9339
rmsf_backbone_residue,drugs3523,rep3,87.0,1.0895
rmsf_backbone_residue,drugs3523,rep3,88.0,1.2553
rmsf_backbone_residue,drugs3523,rep3,89.0,1.3359
rmsf_backbone_residue,drugs3523,rep3,90.0,1.4604
rmsf_backbone_residue,drugs3523,rep3,91.0,1.406
rmsf_backbone_residue,drugs3523,rep3,92.0,1.4281
rmsf_backbone_residue,drugs3523,rep3,93.0,1.4083
rmsf_backbone_residue,drugs3523,rep3,94.0,1.2403
rmsf_backbone_residue,drugs3523,rep3,95.0,1.0859
rmsf_backbone_residue,drugs3523,rep3,96.0,0.9579
rmsf_backbone_residue,drugs3523,rep3,97.0,0.929
rmsf_backbone_residue,drugs3523,rep3,98.0,0.8422
rmsf_backbone_residue,drugs3523,rep3,99.0,0.7999
rmsf_backbone_residue,drugs3523,rep3,100.0,0.631
rmsf_backbone_residue,drugs3523,rep3,101.0,0.5803
rmsf_backbone_residue,drugs3523,rep3,102.0,0.4087
rmsf_backbone_residue,drugs3523,rep3,103.0,0.3736
rmsf_backbone_residue,drugs3523,rep3,104.0,0.532
rmsf_backbone_residue,drugs3523,rep3,105.0,0.6919
rmsf_backbone_residue,drugs3523,rep3,106.0,0.9016
rmsf_backbone_residue,drugs3523,rep3,107.0,0.9221
rmsf_backbone_residue,drugs3523,rep3,108.0,0.7287
rmsf_backbone_residue,drugs3523,rep3,109.0,0.5916
rmsf_backbone_residue,drugs3523,rep3,110.0,0.3937
rmsf_backbone_residue,drugs3523,rep3,111.0,0.383
rmsf_backbone_residue,drugs3523,rep3,112.0,0.4066
rmsf_backbone_residue,drugs3523,rep3,113.0,0.5218
rmsf_backbone_residue,drugs3523,rep3,114.0,0.6947
rmsf_backbone_residue,drugs3523,rep3,115.0,0.7493
rmsf_backbone_residue,drugs3523,rep3,116.0,0.8364
rmsf_backbone_residue,drugs3523,rep3,117.0,0.7733
rmsf_backbone_residue,drugs3523,rep3,118.0,0.7591
rmsf_backbone_residue,drugs3523,rep3,119.0,0.6375
rmsf_backbone_residue,drugs3523,rep3,120.0,0.7025
rmsf_backbone_residue,drugs3523,rep3,121.0,0.7264
rmsf_backbone_residue,drugs3523,rep3,122.0,0.5731
rmsf_backbone_residue,drugs3523,rep3,123.0,0.543
rmsf_backbone_residue,drugs3523,rep3,124.0,0.6879
rmsf_backbone_residue,drugs3523,rep3,125.0,0.6734
rmsf_backbone_residue,drugs3523,rep3,126.0,0.5755
rmsf_backbone_residue,drugs3523,rep3,127.0,0.6773
rmsf_backbone_residue,drugs3523,rep3,128.0,0.8137
rmsf_backbone_residue,drugs3523,rep3,129.0,0.7406
rmsf_backbone_residue,drugs3523,rep3,130.0,0.6803
rmsf_backbone_residue,drugs3523,rep3,131.0,0.5202
rmsf_backbone_residue,drugs3523,rep3,132.0,0.3582
rmsf_backbone_residue,drugs3523,rep3,133.0,0.2773
rmsf_backbone_residue,drugs3523,rep3,134.0,0.2845
rmsf_backbone_residue,drugs3523,rep3,135.0,0.4249
rmsf_backbone_residue,drugs3523,rep3,136.0,0.5536
rmsf_backbone_residue,drugs3523,rep3,137.0,0.6904
rmsf_backbone_residue,drugs3523,rep3,138.0,0.6341
rmsf_backbone_residue,drugs3523,rep3,139.0,0.5735
rmsf_backbone_residue,drugs3523,rep3,140.0,0.7547
rmsf_backbone_residue,drugs3523,rep3,141.0,0.8169
rmsf_backbone_residue,drugs3523,rep3,142.0,0.7079
rmsf_backbone_residue,drugs3523,rep3,143.0,0.6325
rmsf_backbone_residue,drugs3523,rep3,144.0,0.463
rmsf_backbone_residue,drugs3523,rep3,145.0,0.5014
rmsf_backbone_residue,drugs3523,rep3,146.0,0.493
rmsf_backbone_residue,drugs3523,rep3,147.0,0.3298
rmsf_backbone_residue,drugs3523,rep3,148.0,0.3344
rmsf_backbone_residue,drugs3523,rep3,149.0,0.4748
rmsf_backbone_residue,drugs3523,rep3,150.0,0.5636
rmsf_backbone_residue,drugs3523,rep3,151.0,0.4478
rmsf_backbone_residue,drugs3523,rep3,152.0,0.387
rmsf_backbone_residue,drugs3523,rep3,153.0,0.4031
rmsf_backbone_residue,drugs3523,rep3,154.0,0.4182
rmsf_backbone_residue,drugs3523,rep3,155.0,0.5632
rmsf_backbone_residue,drugs3523,rep3,156.0,0.6135
rmsf_backbone_residue,drugs3523,rep3,157.0,0.6159
rmsf_backbone_residue,drugs3523,rep3,158.0,0.6375
rmsf_backbone_residue,drugs3523,rep3,159.0,0.581
rmsf_backbone_residue,drugs3523,rep3,160.0,0.7392
rmsf_backbone_residue,drugs3523,rep3,161.0,0.92
rmsf_backbone_residue,drugs3523,rep3,162.0,1.0626
rmsf_backbone_residue,drugs3523,rep3,163.0,1.0409
rmsf_backbone_residue,drugs3523,rep3,164.0,1.1773
rmsf_backbone_residue,drugs3523,rep3,165.0,1.1914
rmsf_backbone_residue,drugs3523,rep3,166.0,1.0531
rmsf_backbone_residue,drugs3523,rep3,167.0,1.1785
rmsf_backbone_residue,drugs3523,rep3,168.0,1.3137
rmsf_backbone_residue,drugs3523,rep3,169.0,1.2189
rmsf_backbone_residue,drugs3523,rep3,170.0,1.163
rmsf_backbone_residue,drugs3523,rep3,171.0,0.9756
rmsf_backbone_residue,drugs3523,rep3,172.0,1.0053
rmsf_backbone_residue,drugs3523,rep3,173.0,1.086
rmsf_backbone_residue,drugs3523,rep3,174.0,0.9463
rmsf_backbone_residue,drugs3523,rep3,175.0,0.8575
rmsf_backbone_residue,drugs3523,rep3,176.0,0.675
rmsf_backbone_residue,drugs3523,rep3,177.0,0.5159
rmsf_backbone_residue,drugs3523,rep3,178.0,0.3702
rmsf_backbone_residue,drugs3523,rep3,179.0,0.2576
rmsf_backbone_residue,drugs3523,rep3,180.0,0.3412
rmsf_backbone_residue,drugs3523,rep3,181.0,0.4297
